subject,date,probe,neuron_id,region,acronym,p_obj1,p_obj2
459601,20240409,probe00,7,PERI,PERI5,0.5631086505786299,0.30682999041219805
459601,20240409,probe00,9,PERI,PERI5,0.22076078618249395,0.3834539499169298
459601,20240409,probe00,11,PERI,PERI5,0.5416396670584824,0.8552105858255075
459601,20240409,probe00,14,PERI,PERI5,0.755490466805543,0.567162947335087
459601,20240409,probe00,15,PERI,PERI5,0.2007614332586528,0.32103584239449967
459601,20240409,probe00,16,PERI,PERI5,0.41024996625314614,0.26557073308421664
459601,20240409,probe00,17,PERI,PERI5,0.7231222480957809,0.6944128892828569
459601,20240409,probe00,23,PERI,PERI5,0.8625526934934573,0.05881245387920264
459601,20240409,probe00,25,PERI,PERI5,0.2568326195507693,0.4575591054591861
459601,20240409,probe00,28,PERI,PERI5,0.667075309545782,0.3453524212426333
459601,20240409,probe00,30,PERI,PERI5,0.7228782476318817,0.5668003235475403
459601,20240409,probe00,31,PERI,PERI5,0.3334026423313766,0.45110938500236486
459601,20240409,probe00,32,PERI,PERI5,0.11793353734609702,0.8532065726502509
459601,20240409,probe00,34,PERI,PERI5,0.7593851667908583,0.15659081778407757
459601,20240409,probe00,35,PERI,PERI5,0.349005040111141,0.3891040989083919
459601,20240409,probe00,36,PERI,PERI5,0.8960312389266696,0.6808878789843624
459601,20240409,probe00,37,PERI,PERI5,0.23741725415600234,0.4121230692651381
459601,20240409,probe00,38,PERI,PERI5,0.5008605597552366,
459601,20240409,probe00,39,PERI,PERI5,0.7166243585263689,0.385682076033101
459601,20240409,probe00,40,PERI,PERI5,0.26114727491785694,0.19880874133776072
459601,20240409,probe00,43,PERI,PERI6a,0.22749780466744873,0.21959225636280366
459601,20240409,probe00,44,PERI,PERI5,0.8880601415943061,0.8714968531911259
459601,20240409,probe00,47,PERI,PERI5,0.3870591726873589,0.7500896887601725
459601,20240409,probe00,48,PERI,PERI6a,0.6532658512721516,0.0724565581313279
459601,20240409,probe00,50,PERI,ECT6a,0.39059327953727496,0.29106129877805886
459601,20240409,probe00,52,PERI,PERI6a,0.7929703843080297,0.8711920889874937
459601,20240409,probe00,54,PERI,ECT6a,0.33464492917451494,0.26057066576140997
459601,20240409,probe00,55,PERI,ECT6a,0.4898302083230036,0.5580156780481849
459601,20240409,probe00,56,PERI,ECT6a,0.09906744469589357,0.47224009640813935
459601,20240409,probe00,59,PERI,ECT6a,0.6266192373696224,0.6814483469772621
459601,20240409,probe00,62,PERI,ECT6a,0.5638953540066407,0.23940323331267777
459601,20240409,probe00,63,PERI,ECT6a,0.23025375959526861,
459601,20240409,probe00,65,PERI,ECT6a,0.6194608250781879,0.20926023196465782
459601,20240409,probe00,67,PERI,ECT6a,0.5511070353638072,
459601,20240409,probe00,68,PERI,ECT6a,0.7051907989245174,0.417049895352526
459601,20240409,probe00,69,PERI,ECT6a,0.3042505952440918,0.36082259807542527
459601,20240409,probe00,70,PERI,ECT6a,0.22154394190332916,0.9078959791226278
459601,20240409,probe00,71,PERI,ECT6a,0.24610825742245324,0.23344439414573992
459601,20240409,probe00,72,PERI,ECT6a,0.4646755472484093,
459601,20240409,probe00,73,PERI,ECT6a,0.6656464268582761,0.5023655696396172
459601,20240409,probe00,75,PERI,ECT6a,0.46562069046223076,0.7110572545924603
459601,20240409,probe00,76,PERI,ECT6a,0.7507357986372614,0.6300143581050467
459601,20240409,probe00,78,PERI,ECT6a,0.39809317485260676,
459601,20240409,probe00,79,PERI,ECT6a,,
459601,20240409,probe00,85,PERI,ECT6a,0.2988668648869375,0.6309936252187032
459601,20240409,probe00,86,PERI,ECT6a,0.13879715358378975,0.09624775574173405
459601,20240409,probe00,93,PERI,ECT6a,0.4122415738111964,0.4914356907130851
459601,20240409,probe00,94,PERI,ECT6a,0.4605222349266843,0.7212765911420682
459601,20240409,probe00,106,PERI,ECT6a,0.8606240167594685,0.6511987770512533
459601,20240409,probe00,109,TEa,TEa6b,0.8594008849292527,0.7014396088324275
459601,20240409,probe00,114,TEa,TEa6b,0.5137603550228276,0.01993010661168204
459601,20240409,probe00,116,TEa,TEa6b,0.45495976872819066,0.6914683803851914
459601,20240409,probe00,119,TEa,TEa6b,0.7543183723112601,0.5610570707760625
459601,20240409,probe00,123,TEa,TEa6b,0.5704766018315913,0.10539683223196905
459601,20240409,probe00,137,TEa,TEa6b,0.7385784934717241,0.13835495518920382
459601,20240409,probe00,141,TEa,TEa6b,0.29433990344830685,0.8604952194285982
459601,20240409,probe00,147,TEa,TEa6b,0.9545057735004794,0.05414227004577399
459601,20240409,probe00,148,TEa,TEa6b,0.579680612041045,0.4655239184115868
459601,20240409,probe00,149,TEa,TEa6b,0.7408854990449986,0.07659370313054581
459601,20240409,probe00,151,TEa,TEa6b,0.656347887110464,0.15275982242170405
459601,20240409,probe00,152,TEa,TEa6b,0.8730408404362171,0.4718995457817402
459601,20240409,probe00,153,TEa,TEa6b,0.3002403829741144,0.1289829606467071
459601,20240409,probe00,155,root,ar,0.13522330972692675,0.08106020232065536
459601,20240409,probe00,156,TEa,TEa6b,0.7545644350862221,0.14113354396125055
459601,20240409,probe00,159,root,ar,0.2903188385920541,0.2421729979369065
459601,20240409,probe00,160,root,ar,0.3633130284838839,0.44595498576529
459601,20240409,probe00,161,root,ar,0.25986544938153977,0.777198239761737
459601,20240409,probe00,162,TEa,TEa6b,0.7493648911943075,0.4088374192113715
459601,20240409,probe00,167,root,ar,0.22885801465517286,0.18437097950545855
459601,20240409,probe00,174,TEa,TEa6b,0.47740535991667765,0.08579612222291988
459601,20240409,probe00,177,TEa,TEa6b,0.9233210985814417,0.05664709669203927
459601,20240409,probe00,179,TEa,TEa6b,0.28413403884452804,0.06370829520828636
459601,20240409,probe00,182,TEa,TEa6b,,0.7052387078214319
459601,20240409,probe00,190,TEa,TEa6b,0.6605426270111069,
459601,20240409,probe00,191,TEa,TEa6b,0.7629471660381679,
459601,20240409,probe00,193,TEa,TEa6b,0.9308488371770853,0.6731184964448418
459601,20240409,probe00,195,TEa,TEa6b,0.9838554428780164,0.046460721693273976
459601,20240409,probe00,199,TEa,TEa6b,0.7527062223706251,0.1143058602173882
459601,20240409,probe00,201,TEa,TEa6b,,
459601,20240409,probe00,203,TEa,TEa6b,0.9706484825753082,0.5985387279580121
459601,20240409,probe00,209,TEa,TEa6b,0.5720376638772989,0.2519004641918968
459601,20240409,probe00,212,TEa,TEa6b,,
459601,20240409,probe00,213,TEa,TEa6b,,
459601,20240409,probe00,214,TEa,TEa6b,0.17959651329673165,0.6452345412891489
459601,20240409,probe00,215,TEa,TEa6b,0.7849593877561704,0.4018673526795874
459601,20240409,probe00,216,TEa,TEa6b,0.757870558092469,
459601,20240409,probe00,219,TEa,TEa6b,0.7227116304309388,0.3804033590448529
459601,20240409,probe00,226,TEa,TEa6b,0.5812279822412035,0.4287936686020174
459601,20240409,probe00,231,TEa,TEa6b,0.5624971034811821,0.6814734992552763
459601,20240409,probe00,232,TEa,TEa6b,0.7948374071340615,
459601,20240409,probe00,233,TEa,TEa6b,0.8381826565354374,
459601,20240409,probe00,238,TEa,TEa6b,0.3741816206466866,0.6573055846939435
459601,20240409,probe00,240,TEa,TEa6b,0.16408216570171352,0.005088294627896506
459601,20240409,probe00,245,TEa,TEa6b,0.8212719406209075,0.573483403515439
459601,20240409,probe00,247,TEa,TEa6a,0.7473725549875461,
459601,20240409,probe00,248,TEa,TEa6a,0.0817802961951063,0.5550251782001909
459601,20240409,probe00,249,TEa,TEa6b,0.3165457033134058,0.47384939117410607
459601,20240409,probe00,259,TEa,TEa6b,0.3589621460440078,0.27640280754825175
459601,20240409,probe00,260,TEa,TEa6b,0.7252602735994598,0.77660963816253
459601,20240409,probe00,267,TEa,TEa6a,0.28957096303704144,
459601,20240409,probe00,268,TEa,TEa6a,0.23548572799800105,0.4984985926021843
459601,20240409,probe00,278,TEa,TEa6a,0.3704416458119373,0.6115579697159241
459601,20240409,probe00,280,TEa,TEa6a,0.5870757473066148,0.010531017540574283
459601,20240409,probe00,281,TEa,TEa6a,0.0473205001786946,0.0005762937827317183
459601,20240409,probe00,294,TEa,TEa6a,0.30126354067300243,0.010577778351279266
459601,20240409,probe00,296,TEa,TEa6a,0.00031518181609691,0.7176697659475277
459601,20240409,probe00,297,TEa,TEa6a,0.7788822078463651,0.779296460728613
459601,20240409,probe00,302,TEa,TEa6a,0.0024833240613880703,4.55274268627015e-05
459601,20240409,probe00,303,TEa,TEa6a,0.36032782703558075,0.24414637094573288
459601,20240409,probe00,307,TEa,TEa6a,0.6589891800583434,0.7297976201863435
459601,20240409,probe00,311,TEa,TEa6a,0.0008329089422617342,0.1750596858819028
459601,20240409,probe00,312,TEa,TEa6a,0.0004334038966864462,0.24336970195336016
459601,20240409,probe00,317,TEa,TEa6a,0.9440285967300582,0.6480820411619628
459601,20240409,probe00,320,TEa,TEa6a,0.08191141685430214,0.0014134907437144406
459601,20240409,probe00,321,TEa,TEa6a,0.4556358141266037,0.04095289734120444
459601,20240409,probe00,322,TEa,TEa6a,0.7706000131856374,
459601,20240409,probe00,325,TEa,TEa6a,0.7192455160747543,0.6311419472422783
459601,20240409,probe00,327,TEa,TEa6a,0.002994989592769115,0.010218737342846063
459601,20240409,probe00,331,TEa,TEa6a,0.020757549457033786,0.6315862233748726
459601,20240409,probe00,337,TEa,TEa6a,0.6178904898484743,
459601,20240409,probe00,343,VIS,VISli6a,0.5967225814246946,0.5948403448513507
459601,20240409,probe00,349,VIS,VISli6a,0.23445594436484685,0.3192264153270751
459601,20240409,probe00,353,VIS,VISli6a,0.5482156183751206,0.23213252670020057
459601,20240409,probe00,367,VIS,VISli5,0.9350097650939139,0.3805464428697777
459601,20240409,probe00,372,VIS,VISli5,0.6276935042005429,0.8887115509174237
459601,20240409,probe00,374,VIS,VISli5,0.597573875107523,0.0008714074547957473
459601,20240409,probe00,379,VIS,VISli5,0.5301856448689165,0.3883593555544542
459601,20240409,probe00,382,VIS,VISli5,0.7779986112465984,0.015124680576412808
459601,20240409,probe00,384,VIS,VISl5,0.35982542862019506,0.36751033708782266
459601,20240409,probe00,390,VIS,VISl5,0.05281879023020142,0.015088817152597467
459601,20240409,probe00,391,VIS,VISl5,0.31662176962399813,0.9825913162313221
459601,20240409,probe00,398,VIS,VISl5,0.483764918084156,0.6333297840192605
459601,20240409,probe00,400,VIS,VISl5,0.5777449169913131,0.8157903892462715
459601,20240409,probe00,402,VIS,VISl5,0.3419474294194442,0.19155881953824605
459601,20240409,probe00,405,VIS,VISl5,0.771119632064908,0.5434604937199665
459601,20240409,probe00,413,VIS,VISl5,0.447553469407037,0.3387467208764928
459601,20240409,probe00,414,VIS,VISl5,0.23568674116687294,0.09858515274135538
459601,20240409,probe00,418,VIS,VISl5,0.5310347648615712,0.21591867354868366
459601,20240409,probe00,420,VIS,VISl5,0.7514248512809332,0.17445532600911506
459601,20240409,probe00,425,VIS,VISl5,0.27657041923728376,0.9195504758107583
459601,20240409,probe00,432,VIS,VISl5,0.1794354632188242,0.7153871233667053
459601,20240409,probe00,434,VIS,VISl5,0.6555608462315189,0.07981795693700455
459601,20240409,probe00,436,VIS,VISl4,0.40419182455599223,0.9458026487543152
459601,20240409,probe00,441,VIS,VISl4,0.1631423416738237,0.33645058997984445
459601,20240409,probe00,443,VIS,VISl4,0.8922278580420554,0.7386455018253362
459601,20240409,probe00,446,VIS,VISl4,0.9467819472825876,0.8751662203167394
459601,20240409,probe00,447,VIS,VISl4,0.5935022173854698,0.5875347987406658
459601,20240409,probe00,450,VIS,VISl4,0.528343741087228,0.09632881321087738
459601,20240409,probe00,451,VIS,VISl4,0.7768340736312611,0.7794732707500837
459601,20240409,probe00,453,VIS,VISl4,0.37399805591402746,0.5960133598308747
459601,20240409,probe00,455,VIS,VISl4,0.23892067918335824,0.41821252583907
459601,20240409,probe00,457,VIS,VISl4,0.6267524415240944,0.9590199945321906
459601,20240409,probe00,459,VIS,VISl4,0.4640469696897238,0.5531283921568417
459601,20240409,probe00,461,VIS,VISl4,0.737657436714537,0.7914270227358675
459601,20240409,probe00,464,VIS,VISl4,0.7278237390896658,0.5563876505210257
459601,20240409,probe00,466,VIS,VISl4,0.7794030583452289,0.21409800462075124
459601,20240409,probe00,467,VIS,VISl4,0.4945440068302397,0.04772858730817253
459601,20240409,probe00,468,VIS,VISl4,0.4948657051048039,0.713473240658625
459601,20240409,probe00,478,VIS,VISl4,0.5657407677698414,0.5945896307437418
459601,20240409,probe00,484,VIS,VISl4,0.13868607448638226,0.27021820219977066
459601,20240409,probe00,489,VIS,VISp2/3,0.5391603082668656,0.6910419033615706
459601,20240409,probe00,491,VIS,VISp2/3,0.2321535501435973,0.5635820791322467
459601,20240409,probe00,500,VIS,VISp2/3,0.6542986987883203,0.7395610470379973
459601,20240409,probe00,514,VIS,VISp2/3,0.1356239836473062,0.5534887289654241
459601,20240409,probe00,526,root,void,0.7581497304840157,0.6446613314090065
459601,20240409,probe01,1,root,DG-sg,0.6086043008280051,0.017958501523409942
459601,20240409,probe01,2,root,DG-mo,0.5310853852961385,0.5582407144834004
459601,20240409,probe01,3,root,DG-mo,0.9553155661269842,0.18965883437590536
459601,20240409,probe01,4,root,DG-mo,0.8309909299756979,0.7582425253936338
459601,20240409,probe01,8,root,DG-sg,0.2982113303729774,0.8099597008860866
459601,20240409,probe01,9,root,DG-sg,0.4497004040418623,0.6502388720293765
459601,20240409,probe01,12,root,DG-sg,0.44645686512966465,0.13650964171023183
459601,20240409,probe01,13,root,DG-sg,0.6790040011650939,0.2005411489067065
459601,20240409,probe01,14,root,DG-sg,0.8932699113833744,0.1515961740245535
459601,20240409,probe01,16,root,DG-mo,0.4002402603324733,0.8513154347769701
459601,20240409,probe01,17,root,DG-mo,0.6499198553015499,0.12335576247236324
459601,20240409,probe01,19,root,DG-mo,0.2508550034073178,0.9141078805847174
459601,20240409,probe01,21,root,DG-mo,0.7493628674470987,0.3374452842319464
459601,20240409,probe01,23,root,DG-sg,0.9117350380360121,0.8648862990287997
459601,20240409,probe01,25,root,DG-sg,0.6500948818528088,0.9027535109724648
459601,20240409,probe01,27,root,DG-sg,0.4189049998308053,0.7852433695562545
459601,20240409,probe01,28,root,DG-sg,0.8216899889903122,0.9124034883751858
459601,20240409,probe01,32,root,DG-sg,0.6079953961318925,0.05645471991749196
459601,20240409,probe01,38,root,DG-sg,0.6530131216604949,0.6955306927152766
459601,20240409,probe01,41,root,DG-mo,0.9173534826795017,0.6512419012107933
459601,20240409,probe01,43,root,DG-sg,0.03439178830036482,0.00023122119407081865
459601,20240409,probe01,45,root,DG-mo,0.5429631074603387,0.35118479016272675
459601,20240409,probe01,49,root,ProS,0.3510747746942292,0.21208915213759172
459601,20240409,probe01,53,root,DG-sg,0.7330115035977758,0.15383328958850684
459601,20240409,probe01,55,root,DG-sg,0.2181714600565603,0.027449450767405348
459601,20240409,probe01,58,root,DG-mo,0.9166887157838871,0.9184487448775533
459601,20240409,probe01,59,root,DG-mo,0.732134578214537,0.07718938356473304
459601,20240409,probe01,61,root,DG-mo,0.2916203825527589,0.940738197407425
459601,20240409,probe01,63,root,DG-mo,0.9342760867419404,0.7989953341599749
459601,20240409,probe01,64,root,DG-mo,0.7595662199697659,0.33285896451979446
459601,20240409,probe01,65,root,DG-mo,0.7924076146555123,0.4156882252548969
459601,20240409,probe01,69,root,DG-mo,0.7230445847149514,0.8040293827299059
459601,20240409,probe01,72,root,ProS,0.7189514884895669,0.8149953370167216
459601,20240409,probe01,75,root,DG-mo,0.7487223602861963,0.6670397859273574
459601,20240409,probe01,77,root,DG-mo,0.9866369574208316,0.9431726819424561
459601,20240409,probe01,78,root,DG-mo,0.7121448329152285,0.013359436010748293
459601,20240409,probe01,79,root,ProS,0.8183995657269502,0.8139961249455575
459601,20240409,probe01,80,root,ProS,0.7630435658618193,0.3111155044333618
459601,20240409,probe01,82,root,DG-mo,0.45989004211383133,0.04192115159124976
459601,20240409,probe01,86,root,ProS,0.4877271414815604,0.8372346434734816
459601,20240409,probe01,89,root,ProS,0.6726775122826785,0.8421888924066834
459601,20240409,probe01,90,root,DG-mo,0.4534433114393511,0.6155724754236842
459601,20240409,probe01,93,root,DG-mo,0.8398229463043705,0.7359272497392517
459601,20240409,probe01,96,root,ProS,0.3441719335347222,0.24493004519746686
459601,20240409,probe01,97,root,ProS,0.7032290869015227,0.12183034680286497
459601,20240409,probe01,98,root,ProS,0.6906609468653953,0.9162043453390982
459601,20240409,probe01,99,root,DG-mo,0.7860084086256468,0.1349705465751515
459601,20240409,probe01,106,root,DG-mo,0.9071767236211297,0.5362429052562867
459601,20240409,probe01,110,root,DG-mo,0.8303816829897606,0.01178302346680471
459601,20240409,probe01,116,root,ProS,0.4935405654881768,0.18410164259985118
459601,20240409,probe01,118,root,DG-mo,0.38336072993553416,0.24235900828142143
459601,20240409,probe01,120,root,ProS,0.8155125226154853,0.8060637820255547
459601,20240409,probe01,123,root,ProS,0.8169338736980913,0.6907014576386865
459601,20240409,probe01,124,root,ProS,0.45089673610351544,0.6006504881072324
459601,20240409,probe01,127,root,DG-mo,0.2964099327505545,0.06021987487192959
459601,20240409,probe01,129,root,DG-mo,0.3224895706267332,0.020594896672618157
459601,20240409,probe01,130,root,ProS,0.299008879944498,0.15370093009025443
459601,20240409,probe01,131,root,ProS,0.27121645851593723,0.6945533148505519
459601,20240409,probe01,132,root,ProS,0.6171961408652824,0.07901949469393366
459601,20240409,probe01,133,root,ProS,0.5343566928091633,0.4961569328438076
459601,20240409,probe01,134,root,ProS,0.8188196811489477,0.8015896635684782
459601,20240409,probe01,136,root,ProS,0.9055231864531861,0.7451338145868642
459601,20240409,probe01,137,root,DG-mo,0.7884870429570842,0.2514004823107211
459601,20240409,probe01,139,root,DG-mo,0.4628967335980595,0.13536189208649396
459601,20240409,probe01,140,root,DG-mo,0.44425912809918555,0.2357197491393096
459601,20240409,probe01,141,root,ProS,0.38589297782134524,0.886424014940921
459601,20240409,probe01,145,root,DG-mo,0.5771165263516127,
459601,20240409,probe01,146,root,DG-mo,0.8249861280558742,0.3850614733261173
459601,20240409,probe01,147,root,DG-mo,0.46543476136644735,0.47881380477534696
459601,20240409,probe01,149,root,ProS,0.5858797283194179,0.8981750581453841
459601,20240409,probe01,156,root,DG-mo,0.3692298093127526,0.32048704740050393
459601,20240409,probe01,158,root,DG-mo,0.7711711453057177,0.8026209045925996
459601,20240409,probe01,160,root,DG-mo,0.7493702438031038,0.9035116142693655
459601,20240409,probe01,161,root,ProS,0.7611211549448864,0.8109074471722135
459601,20240409,probe01,162,root,ProS,0.9047071685496567,0.18766446949462323
459601,20240409,probe01,163,root,ProS,0.20156131739381822,0.061312709600145565
459601,20240409,probe01,164,root,ProS,0.11034201940411603,0.25630712337672146
459601,20240409,probe01,165,root,ProS,0.25302410284530075,0.969855729091756
459601,20240409,probe01,166,root,ProS,0.44072457551629196,0.06984450495770755
459601,20240409,probe01,167,root,ProS,0.19816207974030442,0.6136282588117572
459601,20240409,probe01,169,root,ProS,0.7812697263131337,0.8708454572242633
459601,20240409,probe01,171,root,ProS,0.5913067309266511,0.7739418613595096
459601,20240409,probe01,172,root,ProS,0.9284552424981245,0.8575371665022099
459601,20240409,probe01,181,root,DG-mo,0.892578392096681,0.06183782220653555
459601,20240409,probe01,182,root,DG-mo,0.3829713506596051,0.4016882145328813
459601,20240409,probe01,183,root,ProS,0.7801310683145202,0.7267978707483149
459601,20240409,probe01,184,root,ProS,0.6447758758801393,0.7032599233532004
459601,20240409,probe01,188,root,ProS,0.4118420954290902,0.8500371156061878
459601,20240409,probe01,191,root,ProS,0.7664084327211416,0.4197825621286029
459601,20240409,probe01,194,root,ProS,0.5065873977963442,0.32429602237303
459601,20240409,probe01,195,root,ProS,0.7352521314625895,0.7872794745643144
459601,20240409,probe01,196,root,ProS,0.5544155274462067,0.17469467675089656
459601,20240409,probe01,200,root,DG-mo,0.6887645974683889,0.05819165693696571
459601,20240409,probe01,202,root,ProS,0.8211367712346415,0.5976533006427203
459601,20240409,probe01,206,root,ProS,0.622038741033341,0.7360275592556165
459601,20240409,probe01,207,root,ProS,0.530176305907045,0.9057046774223554
459601,20240409,probe01,208,root,ProS,0.9252692003886626,0.7668699094243954
459601,20240409,probe01,209,root,ProS,0.9271558508324027,0.7610278426870629
459601,20240409,probe01,210,root,ProS,0.06472343659360147,0.8851161606577873
459601,20240409,probe01,211,root,ProS,0.4487656951424497,0.726726260365743
459601,20240409,probe01,215,root,ProS,0.7071303858520065,0.745368189019836
459601,20240409,probe01,218,root,ProS,0.7320944562757141,0.3978992254284527
459601,20240409,probe01,219,root,ProS,0.6959999043923009,0.6629902092598614
459601,20240409,probe01,221,CA1,CA1,0.7176439419049947,0.2917498120518508
459601,20240409,probe01,222,CA1,CA1,0.4402007251822808,0.03814904484555692
459601,20240409,probe01,224,CA1,CA1,0.5723441680989931,0.18164230919041857
459601,20240409,probe01,226,root,ProS,0.24669273258375835,0.6048060155075521
459601,20240409,probe01,230,root,ProS,0.8581852865855617,0.05968529804207101
459601,20240409,probe01,232,root,ProS,0.8863841957533665,0.889887852138358
459601,20240409,probe01,233,root,ProS,0.6211393146355895,0.24769441391518332
459601,20240409,probe01,234,root,ProS,0.523801508645334,0.793284548395893
459601,20240409,probe01,236,root,ProS,0.5906289598725918,0.33550708969702014
459601,20240409,probe01,237,root,ProS,0.7055370561381361,0.6961970064933523
459601,20240409,probe01,239,root,ProS,0.8207763300451967,0.14522001749002533
459601,20240409,probe01,241,CA1,CA1,0.7579363479467109,0.15270490598751563
459601,20240409,probe01,242,CA1,CA1,0.6994264248593951,0.45391155066931776
459601,20240409,probe01,245,root,ProS,0.45592236178654366,0.5428441705170106
459601,20240409,probe01,247,root,ProS,0.8976812328495027,0.7052050325017165
459601,20240409,probe01,251,CA1,CA1,0.7622565877178266,0.8213321146022217
459601,20240409,probe01,253,root,ProS,0.9367213583991221,0.6101846393726849
459601,20240409,probe01,255,root,ProS,0.41255437006036433,
459601,20240409,probe01,258,root,ProS,0.7719316010185857,0.7185735189720086
459601,20240409,probe01,259,CA1,CA1,0.9427435722945764,0.5085878605529461
459601,20240409,probe01,261,CA1,CA1,0.8814104078390803,0.6533717117658328
459601,20240409,probe01,262,CA1,CA1,0.7626525211668568,0.33799787379931
459601,20240409,probe01,263,CA1,CA1,0.8104676142734405,0.6606852389233218
459601,20240409,probe01,271,root,ProS,0.4519509837297775,0.8936697577156065
459601,20240409,probe01,274,root,ProS,0.76343285661659,0.6656859786952686
459601,20240409,probe01,277,CA1,CA1,0.5685153746790765,0.7111414619768917
459601,20240409,probe01,278,CA1,CA1,0.6074556887097048,0.31078064147704476
459601,20240409,probe01,280,CA1,CA1,0.8983537601007556,0.3932384791445356
459601,20240409,probe01,285,root,ProS,0.4637850341957336,0.03169788584386013
459601,20240409,probe01,289,CA1,CA1,0.5866481481089083,0.6373374424611598
459601,20240409,probe01,290,root,ProS,0.6773387191215868,0.6761219280318188
459601,20240409,probe01,292,root,ProS,0.27622703392552705,0.5280619409784428
459601,20240409,probe01,294,CA1,CA1,0.29298665242494426,0.3237275850396717
459601,20240409,probe01,297,CA1,CA1,0.12468450205104398,0.127698686366422
459601,20240409,probe01,304,root,ProS,0.8190772708613778,0.027418704171824015
459601,20240409,probe01,306,root,ProS,0.9503128581095208,0.3340755901226925
459601,20240409,probe01,307,CA1,CA1,0.6296509658814053,0.3874921854029463
459601,20240409,probe01,309,CA1,CA1,0.7927085833710815,0.9190114345718711
459601,20240409,probe01,311,CA1,CA1,0.8109505936999832,0.45347436814369346
459601,20240409,probe01,313,root,ProS,0.6794128977282357,0.951560329780006
459601,20240409,probe01,315,root,ProS,0.741899900129731,0.19909419356368718
459601,20240409,probe01,316,root,ProS,0.8510467543630142,0.6158972483409051
459601,20240409,probe01,317,root,ProS,0.26363182462008794,0.17319712151395805
459601,20240409,probe01,318,root,ProS,0.7324538999669359,0.2441373787046648
459601,20240409,probe01,320,CA1,CA1,0.49273651934896723,0.4254318967910722
459601,20240409,probe01,326,CA1,CA1,0.5430201798204517,0.24193056765917287
459601,20240409,probe01,327,CA1,CA1,0.46749583755568147,0.27448348356234464
459601,20240409,probe01,328,root,ProS,0.7862256380167428,0.5267752321740138
459601,20240409,probe01,329,root,ProS,0.5924977701273194,0.03961853513979385
459601,20240409,probe01,330,root,ProS,0.8575373839928484,0.16861091943999562
459601,20240409,probe01,334,root,ProS,0.4314141880163129,0.47508309945427907
459601,20240409,probe01,335,root,ProS,0.6207908090792678,0.021516209319189183
459601,20240409,probe01,336,CA1,CA1,0.5289147349353394,0.9573227137207126
459601,20240409,probe01,343,root,ProS,0.926075509283399,0.4694654251567483
459601,20240409,probe01,350,CA1,CA1,0.24195237000981262,0.5307055661171785
459601,20240409,probe01,354,root,ProS,0.6590635059593135,0.913850726827084
459601,20240409,probe01,356,CA1,CA1,0.7906759337481111,0.18288058935147233
459601,20240409,probe01,357,CA1,CA1,0.6734264027388837,0.9217129465705036
459601,20240409,probe01,358,CA1,CA1,0.4538317902062393,0.2761798674775733
459601,20240409,probe01,362,CA1,CA1,0.30331547485802834,0.5860968635952095
459601,20240409,probe01,364,CA1,CA1,0.3892601791197483,0.017408570854544836
459601,20240409,probe01,368,CA1,CA1,0.722019026895516,0.7622890751746719
459601,20240409,probe01,370,CA1,CA1,0.2863674319695878,0.4356744501283727
459601,20240409,probe01,371,CA1,CA1,0.8428599065828657,0.03532750308091559
459601,20240409,probe01,372,CA1,CA1,0.8198256572033801,0.19024629496195467
459601,20240409,probe01,373,root,ProS,0.5284429291706032,0.33094572005339395
459601,20240409,probe01,378,CA1,CA1,0.21579254031615025,0.09536577435274562
459601,20240409,probe01,382,CA1,CA1,0.6280829369338394,0.24842439648511516
459601,20240409,probe01,386,CA1,CA1,0.4670965293314262,0.515738436420748
459601,20240409,probe01,389,CA1,CA1,0.16786549849019905,0.18240746717829626
459601,20240409,probe01,390,CA1,CA1,0.6245939955560177,0.3460128750623829
459601,20240409,probe01,394,CA1,CA1,0.6393407040921351,0.8255995808037062
459601,20240409,probe01,397,CA1,CA1,0.3515580919992213,0.006876726826558266
459601,20240409,probe01,399,CA1,CA1,0.18714646950865743,0.8173294909038471
459601,20240409,probe01,406,CA1,CA1,0.5088375137739958,0.8057637457864176
459601,20240409,probe01,407,CA1,CA1,0.7829329232462463,0.3930167167638493
459601,20240409,probe01,409,CA1,CA1,0.7110411677162345,0.18565900251473966
459601,20240409,probe01,414,CA1,CA1,0.15888550690570824,0.5437896053265168
459601,20240409,probe01,415,CA1,CA1,0.8841537401927421,0.4114455222972525
459601,20240409,probe01,423,CA1,CA1,0.29646576426744464,0.6655124134339226
459601,20240409,probe01,426,CA1,CA1,0.5685487004109765,0.03232980712181377
459601,20240409,probe01,434,CA1,CA1,0.8951630726208681,0.1697373694339661
459601,20240409,probe01,435,CA1,CA1,0.48655939128415826,0.06359351289625104
459601,20240409,probe01,438,CA1,CA1,0.5816644886606356,0.014214282099859199
459601,20240409,probe01,439,CA1,CA1,0.39692068492311516,0.863558184221708
459601,20240409,probe01,440,CA1,CA1,0.8679613473578192,0.3227783294919947
459601,20240409,probe01,441,CA1,CA1,0.5322156705160377,0.6478503309951942
459601,20240409,probe01,454,CA1,CA1,0.4256883278027458,0.8850499729434169
459601,20240409,probe01,455,CA1,CA1,0.531837376289001,0.06551784815921613
459601,20240409,probe01,457,CA1,CA1,0.8064742197691528,0.23124317098419345
459601,20240409,probe01,461,CA1,CA1,0.6941885731832189,0.7140945740786184
459601,20240409,probe01,462,CA1,CA1,0.6848062358132658,0.21297960127670656
459601,20240409,probe01,463,CA1,CA1,0.544471477059348,0.6807885973801869
459601,20240409,probe01,464,CA1,CA1,0.2357449397669611,0.9071577489842165
459601,20240409,probe01,475,CA1,CA1,0.002268484530562387,0.08556648105325504
459601,20240409,probe01,480,CA1,CA1,0.6436288218432731,0.8596652341762672
459601,20240409,probe01,482,CA1,CA1,0.8576020393479363,0.2598412761708143
459601,20240409,probe01,484,CA1,CA1,0.18570665582846257,0.24764251274213656
459601,20240409,probe01,485,CA1,CA1,0.6990115583587724,0.7785220077425099
459601,20240409,probe01,489,CA1,CA1,0.5522107682709252,0.25013904287121924
459601,20240409,probe01,493,CA1,CA1,0.2756010639741162,0.5883370434961559
459601,20240409,probe01,496,CA1,CA1,0.13078502125519187,0.6007542533786554
459601,20240409,probe01,497,CA1,CA1,0.7620393151874005,0.4990632549290448
459601,20240409,probe01,499,CA1,CA1,0.3049146936260857,0.39811866798012807
459601,20240409,probe01,500,CA1,CA1,0.6020063071128539,0.5353925117752523
459601,20240409,probe01,502,CA1,CA1,0.871609159747953,0.21947677135526955
459601,20240409,probe01,503,CA1,CA1,0.6151835119249025,0.5919734227825139
459601,20240409,probe01,509,CA1,CA1,0.4293790308219503,0.010401617923094908
459601,20240410,probe00,4,LEC,ENTl3,0.09670025072020372,0.25947060943144495
459601,20240410,probe00,8,PERI,PERI2/3,0.7622577310514904,0.7730268011487577
459601,20240410,probe00,11,PERI,PERI2/3,0.13162828230911117,0.6802498904450793
459601,20240410,probe00,12,PERI,PERI2/3,0.11012073709898584,0.1406834846499725
459601,20240410,probe00,13,PERI,PERI2/3,0.1702942199310452,0.9277707503821103
459601,20240410,probe00,29,PERI,PERI2/3,0.7607777164485637,0.6834052456059843
459601,20240410,probe00,35,PERI,PERI2/3,0.6750632203936926,
459601,20240410,probe00,41,PERI,PERI2/3,0.6126135641843529,0.6059923244468428
459601,20240410,probe00,57,PERI,PERI5,0.5171148154211318,0.41618006498472426
459601,20240410,probe00,59,PERI,PERI5,0.9271224314214461,0.8623214877231762
459601,20240410,probe00,60,PERI,PERI5,0.34629252117060627,0.7595122090390275
459601,20240410,probe00,61,PERI,PERI5,0.36336024830326286,0.7127524386290016
459601,20240410,probe00,65,PERI,PERI5,0.886993274298748,0.7678595892094039
459601,20240410,probe00,71,PERI,PERI5,0.08267653740255654,0.6012459622216326
459601,20240410,probe00,75,PERI,PERI5,0.27251797254181753,0.577930209979209
459601,20240410,probe00,76,PERI,PERI5,0.6686627802766789,0.7011773559123986
459601,20240410,probe00,81,PERI,PERI5,,
459601,20240410,probe00,102,PERI,ECT5,0.817857874107861,0.4193891737584893
459601,20240410,probe00,112,PERI,ECT5,0.10927270954327406,0.25623003941440137
459601,20240410,probe00,114,PERI,ECT5,0.3987530650403065,0.20640068863055627
459601,20240410,probe00,119,PERI,ECT5,0.7428915506631628,0.1560605315369208
459601,20240410,probe00,123,PERI,ECT5,0.7868369894139208,0.0684088441637758
459601,20240410,probe00,125,PERI,ECT5,0.5822360949196923,0.6621207299956131
459601,20240410,probe00,126,PERI,ECT5,0.7264209477502328,0.04573226350662474
459601,20240410,probe00,130,PERI,ECT5,0.36553001732364476,0.6065995546689176
459601,20240410,probe00,131,PERI,ECT5,0.1713915380779617,0.3926567470578658
459601,20240410,probe00,134,PERI,ECT5,0.39102648367410175,0.11200301080726283
459601,20240410,probe00,139,PERI,ECT5,0.8736603193600796,0.03831064975256859
459601,20240410,probe00,144,PERI,ECT6a,0.026346152758300878,0.37746916650874074
459601,20240410,probe00,156,PERI,ECT6a,0.20185306164228944,0.49465739733168157
459601,20240410,probe00,157,PERI,ECT6a,0.41739090632795295,0.31466691637468414
459601,20240410,probe00,158,PERI,ECT6a,0.7969884991085323,0.19130774189867272
459601,20240410,probe00,162,PERI,ECT6a,0.4557779160535784,0.2807651536206647
459601,20240410,probe00,165,PERI,ECT6a,0.4111461642043238,0.7390033367639861
459601,20240410,probe00,177,PERI,ECT6a,0.3640729976724598,0.6027821367995756
459601,20240410,probe00,179,PERI,ECT6a,0.313066742540576,0.22838833299398142
459601,20240410,probe00,184,PERI,ECT6a,0.4726179498843428,0.6828781626257574
459601,20240410,probe00,185,PERI,ECT6a,0.17235594493357143,0.15657806584497524
459601,20240410,probe00,186,PERI,ECT6a,0.05170749882578363,0.06548919469139403
459601,20240410,probe00,188,PERI,ECT6a,0.27582348816686064,0.018847116383025386
459601,20240410,probe00,189,PERI,ECT6a,0.17352936531226082,0.5194866899145149
459601,20240410,probe00,190,PERI,ECT6a,0.9716212125554755,0.9011159146387233
459601,20240410,probe00,194,PERI,ECT6a,0.3063560066554186,0.8598998427122166
459601,20240410,probe00,195,PERI,ECT6a,0.27606573998239836,0.39282577303622
459601,20240410,probe00,198,PERI,ECT6a,0.5033353536447633,0.8599316244059827
459601,20240410,probe00,199,PERI,ECT6a,0.3411037688502372,0.008027152990527031
459601,20240410,probe00,204,PERI,ECT6a,0.2957410486571357,0.031173736391547746
459601,20240410,probe00,206,PERI,ECT6a,0.8444499545689925,0.958791877536293
459601,20240410,probe00,208,PERI,ECT6a,0.6042460488473125,0.46673834443226747
459601,20240410,probe00,209,PERI,ECT6a,0.9322204758220606,0.44560662622892167
459601,20240410,probe00,210,PERI,ECT6a,0.8210964160152351,0.1752166758024304
459601,20240410,probe00,212,PERI,ECT6a,0.031244312707556787,
459601,20240410,probe00,213,PERI,ECT6a,0.7764744688960319,0.08902408104626869
459601,20240410,probe00,214,PERI,ECT6a,0.6739790341598872,0.28413881304515587
459601,20240410,probe00,216,PERI,ECT6a,0.8772909268513017,0.15460160023282266
459601,20240410,probe00,219,PERI,ECT6a,0.13184776468447656,0.17908699297435016
459601,20240410,probe00,221,PERI,ECT6a,0.7463206497968118,0.3304811523454243
459601,20240410,probe00,222,PERI,ECT6a,0.719926428122643,0.17240605306742718
459601,20240410,probe00,223,PERI,ECT6a,0.7200321917665895,0.37580252012529036
459601,20240410,probe00,226,PERI,ECT6a,0.9383935871334994,0.04961517437520391
459601,20240410,probe00,227,PERI,ECT6a,0.9040422912061548,0.10709725365206013
459601,20240410,probe00,228,PERI,ECT6a,0.5124426086656874,0.1949551701925697
459601,20240410,probe00,230,PERI,ECT6a,0.7934911792788799,0.058818811732573195
459601,20240410,probe00,231,PERI,ECT6a,0.22547591068378137,0.5734364783964871
459601,20240410,probe00,234,PERI,ECT6a,0.9300969368001178,0.15645023493659405
459601,20240410,probe00,235,TEa,TEa6a,0.4810784426588258,0.6042889732462066
459601,20240410,probe00,236,TEa,TEa6a,0.3706036190560167,0.46664440656816364
459601,20240410,probe00,237,TEa,TEa6a,0.826646850914172,0.7024390115181528
459601,20240410,probe00,242,TEa,TEa6a,0.5208796721121904,0.17843938217064592
459601,20240410,probe00,244,TEa,TEa6a,0.3505855740413968,0.1093933306911572
459601,20240410,probe00,246,TEa,TEa6a,0.649942032602161,0.006976136403962108
459601,20240410,probe00,250,TEa,TEa6a,0.24098131939692113,0.42312312486255343
459601,20240410,probe00,251,TEa,TEa6a,0.08921464343820174,0.15106660160356955
459601,20240410,probe00,259,TEa,TEa6a,0.6183224418761738,0.016407328008847255
459601,20240410,probe00,261,TEa,TEa6a,,
459601,20240410,probe00,262,TEa,TEa6a,0.7463784291353488,0.0022250824811609338
459601,20240410,probe00,264,TEa,TEa6a,0.8731663951805935,0.16472450873578115
459601,20240410,probe00,267,TEa,TEa6a,0.26589253712640937,0.4827929091636064
459601,20240410,probe00,269,TEa,TEa6a,,
459601,20240410,probe00,270,TEa,TEa6a,,
459601,20240410,probe00,271,TEa,TEa6a,0.6686490482773164,0.04403867895756797
459601,20240410,probe00,272,TEa,TEa6a,0.3826804456233198,0.8856819900625436
459601,20240410,probe00,273,TEa,TEa6a,0.8166314807639931,0.02186039796783823
459601,20240410,probe00,276,TEa,TEa6a,0.7445209363089702,0.07692893949631541
459601,20240410,probe00,277,TEa,TEa6a,,0.786774444115463
459601,20240410,probe00,279,TEa,TEa6a,0.9287194856990844,0.0016527628697704522
459601,20240410,probe00,280,TEa,TEa6a,0.16442950261629963,0.7012143481665389
459601,20240410,probe00,281,TEa,TEa6a,0.13926234906001678,0.841058009920054
459601,20240410,probe00,286,TEa,TEa6b,0.742943008391145,0.023283935585991955
459601,20240410,probe00,287,TEa,TEa6b,0.2898892361346267,0.4423524276847479
459601,20240410,probe00,291,TEa,TEa6b,0.8065171845580524,0.7780060110892952
459601,20240410,probe00,294,TEa,TEa6b,0.8004444871019192,0.17265830153839057
459601,20240410,probe00,298,TEa,TEa6b,0.2948807523332594,0.8767587255363845
459601,20240410,probe00,303,TEa,TEa6b,0.8951722443151494,0.7467438922447831
459601,20240410,probe00,304,TEa,TEa6b,0.3321750076422183,0.3802117398913364
459601,20240410,probe00,312,TEa,TEa6b,0.5251975270293434,0.5636139744509047
459601,20240410,probe00,315,root,ar,0.7608123339139066,
459601,20240410,probe00,320,TEa,TEa6b,0.6986045978553044,0.17403099526334165
459601,20240410,probe00,322,TEa,TEa6b,0.5192728571712777,0.8981812853443603
459601,20240410,probe00,324,TEa,TEa6b,0.7963252818940366,
459601,20240410,probe00,328,TEa,TEa6b,0.9051424798892638,0.716134146937544
459601,20240410,probe00,330,TEa,TEa6b,0.4361968772389212,0.002432187339346026
459601,20240410,probe00,332,TEa,TEa6b,0.9332023490162358,0.8725524852575096
459601,20240410,probe00,340,TEa,TEa6b,0.7305198349176072,0.012111666748904293
459601,20240410,probe00,341,TEa,TEa6b,0.8307900910547763,0.15987000061694
459601,20240410,probe00,343,TEa,TEa6b,0.38665163555192505,0.17644782783974022
459601,20240410,probe00,346,TEa,TEa6b,0.6288036399250967,0.06377006189925993
459601,20240410,probe00,347,TEa,TEa6b,0.3320833508343797,0.5990148814275608
459601,20240410,probe00,351,root,ar,0.9077722688672153,0.8318462597563829
459601,20240410,probe00,353,TEa,TEa6b,0.8344254161389545,0.0022821902731392507
459601,20240410,probe00,356,TEa,TEa6b,0.6539873641459581,0.44762100257183945
459601,20240410,probe00,358,TEa,TEa6b,0.7652618876635621,0.27195842842359375
459601,20240410,probe00,359,TEa,TEa6b,0.9395022777980617,0.1356401678260698
459601,20240410,probe00,361,TEa,TEa6b,0.7076130807256018,0.8652858933622349
459601,20240410,probe00,366,root,ar,0.8703890697698953,0.7718072378785725
459601,20240410,probe00,367,root,ar,0.2947165529474942,0.6943560155712591
459601,20240410,probe00,370,TEa,TEa6b,0.7181426580438376,0.03352475375448449
459601,20240410,probe00,371,TEa,TEa6b,0.8044334450441419,0.5523036025063439
459601,20240410,probe00,374,TEa,TEa6b,0.6114714360787981,0.8635816543239487
459601,20240410,probe00,379,root,ar,0.4448473871190072,0.25680141997950434
459601,20240410,probe00,380,TEa,TEa6b,0.9088084849139357,0.001619627984873584
459601,20240410,probe00,382,root,ar,0.49695292686211456,0.20703823560702583
459601,20240410,probe00,383,root,ar,0.9509302952701655,0.0868006015132956
459601,20240410,probe00,384,TEa,TEa6b,0.7664808331490233,0.3519199659062503
459601,20240410,probe00,385,TEa,TEa6b,0.4667471262383348,0.6369698916737899
459601,20240410,probe00,387,TEa,TEa6b,0.9665520800996291,0.8848914720677419
459601,20240410,probe00,388,TEa,TEa6b,0.883536056647131,0.9216896214540767
459601,20240410,probe00,391,TEa,TEa6b,0.8757139000083588,0.3103296068728568
459601,20240410,probe00,392,TEa,TEa6b,0.3489507408363949,0.14381460634341425
459601,20240410,probe00,397,TEa,TEa6b,0.40235731842103506,0.3730433295345271
459601,20240410,probe00,401,TEa,TEa6b,0.85945072324937,0.040064086244524955
459601,20240410,probe00,403,TEa,TEa6b,0.6729898708730208,0.6992758787739526
459601,20240410,probe00,406,TEa,TEa6a,0.8627806182752136,0.2156295513297658
459601,20240410,probe00,407,TEa,TEa6b,0.7507984542241803,0.5915301453099224
459601,20240410,probe00,408,TEa,TEa6b,0.6673926837412778,0.7174593725345016
459601,20240410,probe00,410,TEa,TEa6b,0.4421099996232324,0.392867268979627
459601,20240410,probe00,416,TEa,TEa6a,0.8583648532815349,0.13414035764393983
459601,20240410,probe00,418,TEa,TEa6a,0.87947437078411,0.4476245594667776
459601,20240410,probe00,425,TEa,TEa6a,0.6901373454735888,0.1518100625401998
459601,20240410,probe00,426,TEa,TEa6a,0.3186903165265148,0.35411174495094344
459601,20240410,probe00,436,TEa,TEa6a,0.7860957268547536,0.5793449716748678
459601,20240410,probe00,437,TEa,TEa6a,0.7467723720744759,0.4066847971152937
459601,20240410,probe00,444,TEa,TEa6a,0.5294271935901893,0.02236652662850036
459601,20240410,probe00,452,TEa,TEa6a,0.9171904464438696,0.6963691268750083
459601,20240410,probe00,463,TEa,TEa6a,0.6962530865745197,0.4927149846814797
459601,20240410,probe00,469,TEa,TEa6a,0.7289246402859988,0.09473031347239147
459601,20240410,probe00,471,TEa,TEa6a,0.7835630881346167,0.924790806459533
459601,20240410,probe00,477,TEa,TEa6a,0.8595593461629544,0.31671413010058713
459601,20240410,probe00,483,TEa,TEa6a,0.8970695347899796,0.2489988794322463
459601,20240410,probe00,485,TEa,TEa6a,0.5008967354329532,0.6289463261751163
459601,20240410,probe00,488,TEa,TEa6a,0.5741533118590137,0.2581486326264647
459601,20240410,probe00,491,TEa,TEa6a,0.8691069703142271,0.836904956009882
459601,20240410,probe00,492,TEa,TEa6a,0.686835547884181,0.6282225130250163
459601,20240410,probe00,494,TEa,TEa6a,0.9479947223536743,0.01779481198282873
459601,20240410,probe00,498,TEa,TEa5,0.8389910309417692,0.027653936853097805
459601,20240410,probe00,500,TEa,TEa6a,0.9096814680691279,0.12932531333447017
459601,20240410,probe00,502,TEa,TEa6a,0.765851365227594,0.05590205301941542
459601,20240410,probe00,503,TEa,TEa6a,0.8563855724883906,0.9374883016927008
459601,20240410,probe00,504,TEa,TEa6a,0.844278368417403,0.6795452258314221
459601,20240410,probe00,508,TEa,TEa5,0.5213281430589789,0.0222685229028714
459601,20240410,probe00,513,VIS,VISli5,0.2622740442892775,0.03936672592442769
459601,20240410,probe00,515,VIS,VISli5,0.4798363626694483,0.08213434560667376
459601,20240410,probe00,516,VIS,VISli5,0.6090057040142742,0.26167175518647234
459601,20240410,probe00,517,VIS,VISli5,0.7270699673627805,0.006930605727682337
459601,20240410,probe00,521,VIS,VISli5,,
459601,20240410,probe00,522,VIS,VISli5,0.6969273462171603,0.9506417005924056
459601,20240410,probe00,523,VIS,VISli5,0.254748541991339,0.17123804643672436
459601,20240410,probe00,529,VIS,VISli5,0.3902973303442503,0.49425428553497996
459601,20240410,probe00,530,VIS,VISli5,0.9048239344433695,0.05021240309917818
459601,20240410,probe00,531,VIS,VISli5,0.4239739748803065,0.2481165429221872
459601,20240410,probe00,532,VIS,VISli5,0.8627541681404103,0.26218661011667277
459601,20240410,probe00,533,VIS,VISli5,0.5278613020033034,0.7162020794376954
459601,20240410,probe00,535,VIS,VISli5,0.3556868372592269,0.6468334015529884
459601,20240410,probe00,537,VIS,VISli5,0.536456587634575,0.2569295199859565
459601,20240410,probe00,538,VIS,VISli5,0.9255671666651544,0.7022678174888295
459601,20240410,probe00,542,VIS,VISli5,0.518125833541013,0.2640335365718528
459601,20240410,probe00,543,VIS,VISli5,0.8805668123783766,0.21091173253460616
459601,20240410,probe00,545,VIS,VISli5,0.8356181359630088,0.04248940067301632
459601,20240410,probe00,546,VIS,VISli5,0.9141260172957747,0.6121144403944071
459601,20240410,probe00,549,VIS,VISli5,0.44344849579626877,0.35526585497757057
459601,20240410,probe00,550,VIS,VISli5,,
459601,20240410,probe00,551,VIS,VISli5,0.2321322621797951,0.8573136638553589
459601,20240410,probe00,554,VIS,VISli5,0.4994318104019989,0.3715630221003704
459601,20240410,probe00,556,VIS,VISli5,0.7088804889532311,0.39291489610844865
459601,20240410,probe00,559,VIS,VISli5,0.8533249067174034,0.09707014632848432
459601,20240410,probe00,560,VIS,VISli5,0.7878845493227646,0.6243501484382634
459601,20240410,probe00,562,VIS,VISli5,0.5635588853779877,0.419950037908722
459601,20240410,probe00,565,VIS,VISli5,0.3407117252300639,0.4129640695040232
459601,20240410,probe00,566,VIS,VISli5,0.24108371202108914,0.6898243968028859
459601,20240410,probe00,568,VIS,VISli5,0.7375317627801048,0.11478843425679142
459601,20240410,probe00,569,VIS,VISli5,0.4152087016884112,0.5727817040421499
459601,20240410,probe00,570,VIS,VISli5,0.8177126398812151,0.27921008839517025
459601,20240410,probe00,574,VIS,VISli5,0.1995683999233825,0.8150107838460867
459601,20240410,probe00,576,VIS,VISli5,0.6368817939869016,0.5191071334058677
459601,20240410,probe00,577,VIS,VISli5,0.6754445650913379,0.4127919113282865
459601,20240410,probe00,578,VIS,VISli5,0.5678514243818482,0.3164113888703338
459601,20240410,probe00,579,VIS,VISli5,0.8313040514878804,0.4055282351753213
459601,20240410,probe00,581,VIS,VISl5,0.48518435439620544,0.08252258615995356
459601,20240410,probe00,584,VIS,VISl5,0.5048553828721415,0.8626690173396275
459601,20240410,probe00,586,VIS,VISl5,0.14107977226140456,0.5889827391055913
459601,20240410,probe00,587,VIS,VISl5,0.5255150118718794,0.5906206210255976
459601,20240410,probe00,588,VIS,VISl5,0.8745691775848058,0.5341221904463399
459601,20240410,probe00,589,VIS,VISl5,0.025666392629092538,0.17294587578155685
459601,20240410,probe00,590,VIS,VISl5,0.5048825525336285,0.8275753989172372
459601,20240410,probe00,591,VIS,VISl5,0.6608864947572388,0.12567296617049928
459601,20240410,probe00,592,VIS,VISl5,0.5226272010873245,0.6711697279868061
459601,20240410,probe00,593,VIS,VISl5,0.46288279192978454,0.25503663252926945
459601,20240410,probe00,594,VIS,VISl5,0.559234058940301,0.8342585818246614
459601,20240410,probe00,595,VIS,VISl5,0.7052301900494106,0.12363551611880208
459601,20240410,probe00,596,VIS,VISl5,0.8040876159397895,0.3505305091598072
459601,20240410,probe00,597,VIS,VISl5,0.5241554091354788,0.47036122430658167
459601,20240410,probe00,599,VIS,VISl5,0.21251774590630457,0.4641713980756882
459601,20240410,probe00,602,VIS,VISl5,0.8664724572124288,0.49202708884535784
459601,20240410,probe00,603,VIS,VISl5,0.4046605531173546,0.5996949097692692
459601,20240410,probe00,604,VIS,VISl5,0.6843846091211973,0.50268562663963
459601,20240410,probe00,606,VIS,VISl5,0.2177317163002458,0.08929455600929626
459601,20240410,probe00,607,VIS,VISl5,0.7309516607940337,0.08078770070813623
459601,20240410,probe00,608,VIS,VISl5,0.6917614910000867,0.522855353982312
459601,20240410,probe00,610,VIS,VISl5,0.7528782357764305,0.17520059046256198
459601,20240410,probe00,611,VIS,VISl5,0.5705064549824173,0.24437641619509276
459601,20240410,probe00,613,VIS,VISl5,0.8742395516276478,0.7522601275262257
459601,20240410,probe00,614,VIS,VISl5,0.5391447498380373,0.35355528122980096
459601,20240410,probe00,616,VIS,VISl5,0.7148489103092406,0.2519351721763421
459601,20240410,probe00,617,VIS,VISl5,0.8550810786520888,0.6678701975396437
459601,20240410,probe00,618,VIS,VISl5,0.5712681586125299,0.0022805886914151197
459601,20240410,probe00,619,VIS,VISl5,0.6452415544217474,0.012753227514969434
459601,20240410,probe00,625,VIS,VISl5,0.3087181830129495,0.5911849095273103
459601,20240410,probe00,627,VIS,VISl5,0.8076132538104367,0.2729052458552017
459601,20240410,probe00,629,VIS,VISl5,0.9511795562210554,0.07900440191911384
459601,20240410,probe00,631,VIS,VISl5,0.06461411354699653,0.021937440531767494
459601,20240410,probe00,633,VIS,VISl5,0.9417067128712477,0.49167538417154
459601,20240410,probe00,635,VIS,VISl5,0.8839069408500345,0.7125208055095856
459601,20240410,probe00,637,VIS,VISl5,0.9013112412263797,0.16847783119742799
459601,20240410,probe00,638,VIS,VISl5,0.18571139000148007,0.3126157982980726
459601,20240410,probe00,639,VIS,VISl5,0.3645680327730242,0.8472624218876116
459601,20240410,probe00,641,VIS,VISl5,0.7637813829487824,0.0027370286277278444
459601,20240410,probe00,644,VIS,VISl5,0.8385981562384791,0.5361008322574976
459601,20240410,probe00,645,VIS,VISl5,0.6180211601956591,0.3748261187441676
459601,20240410,probe00,647,VIS,VISl5,0.8686430315133165,0.019777162897107625
459601,20240410,probe00,648,VIS,VISl5,0.7543612332500347,0.21110513967879552
459601,20240410,probe00,649,VIS,VISl5,0.7108146468960199,0.8721113933086907
459601,20240410,probe00,650,VIS,VISl5,0.638852775351331,0.7464522689215807
459601,20240410,probe00,652,VIS,VISl5,0.8888350499955798,0.9194237600411208
459601,20240410,probe00,654,VIS,VISl5,0.5535939776197916,0.18864561382401124
459601,20240410,probe00,655,VIS,VISl5,0.6442796532007327,0.8262090794296305
459601,20240410,probe00,656,VIS,VISl5,0.7343210338057877,0.38388266286218253
459601,20240410,probe00,658,VIS,VISl5,0.39275598286695057,0.1980040043605198
459601,20240410,probe00,659,VIS,VISl5,0.7354671532916476,
459601,20240410,probe00,663,VIS,VISl4,0.20354638217891152,0.5661593352307348
459601,20240410,probe00,666,VIS,VISl4,0.6273434767213037,0.8599216592236797
459601,20240410,probe00,669,VIS,VISl4,0.08653083118912408,0.6970787466234809
459601,20240410,probe00,672,VIS,VISl4,0.9135974417633406,0.8294997262956312
459601,20240410,probe00,673,VIS,VISl4,0.19305635276744537,0.20856958355035993
459601,20240410,probe00,680,VIS,VISl4,0.10219544258995172,0.9079100312317484
459601,20240410,probe00,688,VIS,VISl4,0.2522796313995205,0.19737693490571084
459601,20240410,probe00,689,VIS,VISl4,0.05399741990989915,0.7950196454486398
459601,20240410,probe00,690,VIS,VISl4,,
459601,20240410,probe00,694,VIS,VISl4,0.7119029205873373,0.23279508677732386
459601,20240410,probe00,697,VIS,VISl4,0.8308461266031351,0.6901483939448685
459601,20240410,probe00,701,VIS,VISl4,0.6149961588715251,0.8433843206216936
459601,20240410,probe00,703,VIS,VISl4,0.8093544342441198,0.8444021068454166
459601,20240410,probe00,704,VIS,VISl4,0.6599724715122803,0.4498010513010613
459601,20240410,probe00,708,VIS,VISl4,0.8875093862023467,0.11249942157813886
459601,20240410,probe00,709,VIS,VISl4,0.6530474022849772,
459601,20240410,probe00,711,VIS,VISl2/3,0.24500369046594905,0.7184525216653459
459601,20240410,probe00,716,VIS,VISl4,0.07397933028717274,0.7377931947113816
459601,20240410,probe00,719,VIS,VISl2/3,0.08125315487797369,0.3336153742778941
459601,20240410,probe00,720,VIS,VISl2/3,0.7509165418967605,0.07221260381751993
459601,20240410,probe00,723,VIS,VISl2/3,0.6939193500412516,0.8709689444835779
459601,20240410,probe00,729,VIS,VISl2/3,0.25286682411039874,0.6216890207930518
459601,20240410,probe00,731,VIS,VISl2/3,0.34213085331246973,0.037730802805200025
459601,20240410,probe00,734,VIS,VISl2/3,0.15732099751144968,0.6457677772974604
459601,20240410,probe00,735,VIS,VISl2/3,0.7819036983890404,0.2033417986915783
459601,20240410,probe00,736,VIS,VISl2/3,0.43393330303731936,0.11372488818139337
459601,20240410,probe00,737,VIS,VISl2/3,0.7758905866790218,0.06314285153398391
459601,20240410,probe00,740,VIS,VISl2/3,0.9141961091920096,0.3702151017960651
459601,20240410,probe00,746,VIS,VISl2/3,0.8422260448308901,0.48238656393983004
459601,20240410,probe00,749,VIS,VISl2/3,0.5753934368384428,0.13097466767215116
459601,20240410,probe00,751,VIS,VISl2/3,0.8416873599165293,0.005655543844400257
459601,20240410,probe00,752,VIS,VISl2/3,0.8683138757365206,0.014691557124402177
459601,20240410,probe00,756,VIS,VISl2/3,0.8754850750287615,0.05268209838437632
459601,20240410,probe00,757,VIS,VISl2/3,0.8788863943245205,0.4121718769839754
459601,20240410,probe00,758,VIS,VISl2/3,0.7144748164219903,0.5553392321227999
459601,20240410,probe00,760,VIS,VISl2/3,0.5316261664740025,0.7699009572224125
459601,20240410,probe00,761,VIS,VISp2/3,0.4088583208956459,0.8364023049273416
459601,20240410,probe00,762,VIS,VISp2/3,0.66414921257684,0.6156540464738973
459601,20240410,probe00,766,VIS,VISp2/3,0.8350961163670927,0.5259455717509389
459601,20240410,probe01,16,root,DG-sg,0.8929731113269539,0.12127245444831902
459601,20240410,probe01,25,root,DG-sg,0.6919098138294263,0.09666487309635918
459601,20240410,probe01,26,root,DG-sg,0.72509832038787,0.04898870732566907
459601,20240410,probe01,29,root,DG-mo,0.8869022646984873,0.3840625745863945
459601,20240410,probe01,35,root,DG-mo,0.7071216864728986,0.006249608980358978
459601,20240410,probe01,36,root,DG-mo,0.7094727794718487,0.031411299792262426
459601,20240410,probe01,37,root,DG-mo,0.2824579208040894,0.011771309193653212
459601,20240410,probe01,38,root,DG-mo,0.9790842200207465,0.3611506739775341
459601,20240410,probe01,39,root,DG-mo,0.3753662727779107,0.2733232516626233
459601,20240410,probe01,45,root,DG-mo,0.73019694936497,0.06969425814824481
459601,20240410,probe01,51,root,DG-mo,0.30440254228767694,0.11077309396700696
459601,20240410,probe01,52,root,DG-mo,0.805350368926907,0.16007760017803874
459601,20240410,probe01,53,root,DG-mo,0.6226998405893428,0.20014157600122207
459601,20240410,probe01,54,root,DG-mo,0.9147606570047734,0.18756695785305633
459601,20240410,probe01,56,root,DG-mo,0.7225794118864346,0.0011250621842977537
459601,20240410,probe01,64,root,DG-mo,0.7617343484962642,0.3441739316812409
459601,20240410,probe01,75,root,DG-mo,0.2594860720254626,0.11907185318867441
459601,20240410,probe01,77,root,DG-mo,0.706970584379156,0.015701861546757123
459601,20240410,probe01,79,root,DG-mo,0.7026499438106824,0.010280501818588972
459601,20240410,probe01,86,CA1,CA1,0.6321235828561294,0.007598892352242204
459601,20240410,probe01,88,root,DG-mo,0.8400910116134455,0.8581602885298977
459601,20240410,probe01,89,root,DG-mo,0.5833166935164902,0.3792082635805152
459601,20240410,probe01,97,CA1,CA1,0.24867934210649423,0.03834186593281208
459601,20240410,probe01,98,root,DG-mo,0.392825471475718,0.10778749605106663
459601,20240410,probe01,99,CA1,CA1,0.7919763714055192,0.16475868155508044
459601,20240410,probe01,101,CA1,CA1,0.37010173019072,0.8518667553371793
459601,20240410,probe01,104,CA1,CA1,0.8399929839912227,0.07728354487373368
459601,20240410,probe01,121,CA1,CA1,0.9336069482896263,0.27693808903999617
459601,20240410,probe01,124,CA1,CA1,0.9354766670805418,0.5135692200609149
459601,20240410,probe01,126,CA1,CA1,0.9788434052956136,0.6547765082258459
459601,20240410,probe01,129,CA1,CA1,0.4731652119165335,0.7530819526349652
459601,20240410,probe01,133,CA1,CA1,0.7816655297084265,0.049823369038860865
459601,20240410,probe01,134,CA1,CA1,0.4584704096023745,0.6738447714337957
459601,20240410,probe01,143,CA1,CA1,0.7825962907821513,0.0036173340814720234
459601,20240410,probe01,158,CA1,CA1,0.5691005896763153,0.880619898440208
459601,20240410,probe01,160,CA1,CA1,0.41939257273097774,0.2940790260021089
459601,20240410,probe01,165,CA1,CA1,0.18382261787027787,0.2644710612161907
459601,20240410,probe01,166,CA1,CA1,0.3321747056938713,0.037382257039264344
459601,20240410,probe01,168,CA1,CA1,0.5971653490473715,0.14021978113416023
459601,20240410,probe01,170,CA1,CA1,0.5254471631835635,
459601,20240410,probe01,171,CA1,CA1,0.4079868207380146,0.1822724282100744
459601,20240410,probe01,174,CA1,CA1,0.46277369609826047,0.5061479232438102
459601,20240410,probe01,177,CA1,CA1,0.9229283986295731,0.308401153325064
459601,20240410,probe01,180,CA1,CA1,0.9308028012772147,0.6230077094616681
459601,20240410,probe01,183,CA1,CA1,0.8677700220197604,0.5008254514695687
459601,20240410,probe01,184,CA1,CA1,0.5803337868877991,0.288501498695666
459601,20240410,probe01,208,CA1,CA1,0.8978809889875343,0.9438391478456067
459601,20240410,probe01,209,CA1,CA1,,0.19045784754910644
459601,20240410,probe01,210,CA1,CA1,0.22692502352466404,0.44910289215435195
459601,20240410,probe01,212,CA1,CA1,0.14398735361760084,0.3827858810494851
459601,20240410,probe01,213,CA1,CA1,0.7426588386252382,0.4590286326073424
459601,20240410,probe01,217,CA1,CA1,0.9589029192707685,0.06511450248039241
459601,20240410,probe01,221,CA1,CA1,0.22381822281296282,0.30920252921474844
459601,20240410,probe01,224,CA1,CA1,0.3912494914035177,0.30180937313336254
459601,20240410,probe01,227,CA1,CA1,0.9530095789815961,0.8233677909978743
459601,20240410,probe01,228,CA1,CA1,0.0940852219417988,0.03260682214681121
459601,20240410,probe01,229,CA1,CA1,0.41943311940284167,0.016896093890685582
459601,20240410,probe01,230,CA1,CA1,0.7408953385686392,0.023755396280212504
459601,20240410,probe01,235,CA1,CA1,0.8926547611225838,0.006291284666944952
459601,20240410,probe01,244,CA1,CA1,0.3038429898798608,0.3523729366336841
459601,20240410,probe01,245,CA1,CA1,0.9330257658160507,0.1955979807577738
459601,20240410,probe01,249,CA1,CA1,0.3095357616530535,0.8760379595105039
459601,20240410,probe01,255,CA1,CA1,0.7135819425402167,
459601,20240410,probe01,269,CA1,CA1,0.7265849013319929,0.3397007378278407
459601,20240410,probe01,278,CA1,CA1,0.5555651368623147,0.02118367912041985
459601,20240410,probe01,280,CA1,CA1,0.7878693918036462,0.12018571254774357
459601,20240410,probe01,281,CA1,CA1,,0.07967277108281146
459601,20240410,probe01,283,CA1,CA1,0.789213556441678,0.7554332438497039
459601,20240410,probe01,285,CA1,CA1,0.48577064223409727,0.0970086443566498
459601,20240410,probe01,287,CA1,CA1,0.9050708920364625,0.7534047339965132
459601,20240410,probe01,289,CA1,CA1,0.2036694180007783,0.7975661178048902
459601,20240410,probe01,300,CA1,CA1,0.7598899900840611,0.38292458594931444
459601,20240410,probe01,308,CA1,CA1,0.7866816605631464,0.0012537021759607692
459601,20240410,probe01,314,CA1,CA1,0.6488488813315362,0.006678732352850658
459601,20240410,probe01,315,CA1,CA1,0.12407319252174887,0.6270385578281029
459601,20240410,probe01,316,CA1,CA1,0.6451646839933114,0.03754812873581481
459601,20240410,probe01,317,CA1,CA1,0.7321363265404872,0.2777462697611456
459601,20240410,probe01,320,CA1,CA1,0.931682366007959,0.17566484806860405
459601,20240410,probe01,325,CA1,CA1,0.6430561580131031,0.30097724846303886
459601,20240410,probe01,328,CA1,CA1,0.7385992864862727,0.49536402732655627
459601,20240410,probe01,330,CA1,CA1,0.5512117288690499,0.5607573151353978
459601,20240410,probe01,333,CA1,CA1,0.9018218809457043,0.03815344447968483
459601,20240410,probe01,339,CA1,CA1,0.1567300066777888,0.07953045028793437
459601,20240410,probe01,355,CA1,CA1,0.09852721454383018,0.7379574873824746
459601,20240410,probe01,356,CA1,CA1,0.6322070920050664,0.8413674421034231
459601,20240410,probe01,361,CA1,CA1,0.6830335670186132,0.5924263187823763
459601,20240410,probe01,364,CA1,CA1,0.46872573343070856,
459601,20240410,probe01,376,CA1,CA1,0.8870086041765026,0.0101970912254713
459601,20240410,probe01,379,CA1,CA1,0.7980997421304662,0.15679485683191652
459601,20240410,probe01,387,CA1,CA1,0.7515874474429529,0.014684964178448778
459601,20240410,probe01,397,CA1,CA1,0.9167068447490905,0.3920290907444136
459601,20240410,probe01,398,CA1,CA1,0.9217490530897019,0.001927758368689525
459601,20240410,probe01,399,CA1,CA1,0.7418923355554461,0.042723064671689626
459601,20240410,probe01,404,CA1,CA1,0.7689339586938372,0.010729270683144554
459601,20240410,probe01,405,CA1,CA1,0.8941406117736829,0.007570410811445161
459601,20240410,probe01,409,CA1,CA1,0.7324479432085866,0.4430327513815888
459601,20240410,probe01,416,CA1,CA1,0.8067867891924614,0.8006338046929827
459601,20240410,probe01,422,CA1,CA1,0.9298665244696602,0.0112980255339874
459601,20240410,probe01,429,CA1,CA1,0.9653226975752881,0.004515444637275379
459601,20240410,probe01,431,CA1,CA1,0.7794516428498687,0.002730764643603112
459601,20240410,probe01,442,CA1,CA1,0.7419936808105743,0.004804821609403098
459601,20240410,probe01,445,CA1,CA1,0.8977357464072638,0.8821461740301395
459601,20240410,probe01,448,CA1,CA1,0.7502279583177665,0.0010383602216081922
459601,20240410,probe01,449,CA1,CA1,0.9431226494268738,0.004755190356624861
459601,20240410,probe01,452,CA1,CA1,0.8911418811791401,0.10851157805367428
459601,20240410,probe01,455,CA1,CA1,0.8875093154778568,0.6081256115804508
459601,20240410,probe01,463,CA1,CA1,0.8071903792712378,0.08286444560456419
459601,20240410,probe01,464,CA1,CA1,0.8279035767790822,0.3843019245648672
459601,20240410,probe01,471,CA1,CA1,0.8108559682445027,0.3417115140832859
459601,20240410,probe01,472,CA1,CA1,0.8594854309784853,0.5599865186847863
459601,20240410,probe01,473,CA1,CA1,,
459601,20240410,probe01,478,CA1,CA1,0.3491827229719534,0.38881689514596185
459601,20240410,probe01,479,CA1,CA1,0.38431918655917263,0.7928934201280287
459601,20240411,probe00,0,LEC,ENTl3,0.7200458309477704,0.0012643405202720226
459601,20240411,probe00,8,LEC,ENTl3,0.7603314374542578,0.15036750544422617
459601,20240411,probe00,12,LEC,ENTl3,0.7999598801317525,0.022155671146271372
459601,20240411,probe00,15,LEC,ENTl3,0.18217472631263898,0.0005635689014903411
459601,20240411,probe00,19,LEC,ENTl3,0.020310241023751785,0.5542055066072408
459601,20240411,probe00,20,LEC,ENTl3,0.2590774855922997,0.4965026488029505
459601,20240411,probe00,21,LEC,ENTl3,0.4034490287838779,0.26859162832962735
459601,20240411,probe00,23,LEC,ENTl3,0.8717124167738727,0.4451511776896482
459601,20240411,probe00,25,LEC,ENTl3,0.4599316485180718,0.3381707668597971
459601,20240411,probe00,29,LEC,ENTl3,0.8782114595843697,0.026204672760863912
459601,20240411,probe00,34,PERI,PERI2/3,0.7640045831797103,0.7340144793883936
459601,20240411,probe00,36,PERI,PERI2/3,0.3467779019068429,0.0007235882543377148
459601,20240411,probe00,42,PERI,PERI2/3,0.9189721091811389,0.7269733996841933
459601,20240411,probe00,46,PERI,PERI2/3,0.6276312991066875,0.7784909463688192
459601,20240411,probe00,48,PERI,PERI2/3,0.2560912107691694,0.06471433296042284
459601,20240411,probe00,54,PERI,PERI2/3,0.13495913039291085,0.11061776068562346
459601,20240411,probe00,60,PERI,PERI2/3,0.07665369344038497,0.2426692488470531
459601,20240411,probe00,61,PERI,PERI5,0.49750456324535863,0.09138103431613043
459601,20240411,probe00,62,PERI,PERI5,0.2659891069258721,0.8787678599493802
459601,20240411,probe00,67,PERI,PERI5,0.9101150474441703,0.0012171694708902336
459601,20240411,probe00,68,PERI,PERI5,0.8895034372550299,0.10161619648135567
459601,20240411,probe00,74,PERI,PERI5,0.4808005571810029,0.1283949983344892
459601,20240411,probe00,75,PERI,PERI5,0.1406835762115871,0.12966358467482786
459601,20240411,probe00,81,PERI,PERI5,0.4059073973123031,0.5178931939085303
459601,20240411,probe00,83,PERI,PERI5,,
459601,20240411,probe00,84,PERI,PERI5,0.5661277906367104,0.6535890676005514
459601,20240411,probe00,87,PERI,PERI5,0.6893393091433093,0.3441457351534334
459601,20240411,probe00,91,PERI,PERI5,0.6673678043766306,0.013364289044006106
459601,20240411,probe00,93,PERI,PERI5,0.7992635071723719,0.13618826051791266
459601,20240411,probe00,95,PERI,PERI5,0.7661623909126706,0.36612674595383965
459601,20240411,probe00,97,PERI,PERI5,,
459601,20240411,probe00,100,PERI,PERI5,0.38540085809481206,0.9176424737577042
459601,20240411,probe00,102,PERI,PERI5,0.8418379246660178,
459601,20240411,probe00,103,PERI,PERI5,0.9587890572847632,0.7865383481643344
459601,20240411,probe00,104,PERI,PERI5,0.725280410091317,0.874248620521578
459601,20240411,probe00,105,PERI,PERI5,0.7069987028585221,0.3484379529638858
459601,20240411,probe00,107,PERI,PERI5,0.913619672754863,0.5868783986047504
459601,20240411,probe00,108,PERI,PERI5,0.7432051986466184,0.0023493850183604614
459601,20240411,probe00,110,PERI,PERI5,0.26686003693502136,0.09654460179408708
459601,20240411,probe00,114,PERI,PERI5,0.9185948032558638,0.8733328377290837
459601,20240411,probe00,117,PERI,PERI5,0.6160117570318765,0.4962996645040354
459601,20240411,probe00,118,PERI,PERI5,0.7415165544376633,0.30513852050341195
459601,20240411,probe00,119,PERI,PERI5,0.3253525278292506,0.16464453649796584
459601,20240411,probe00,122,PERI,PERI5,0.12572938156549252,0.44504081792804384
459601,20240411,probe00,123,PERI,PERI5,0.89760951605214,0.29655427162350056
459601,20240411,probe00,125,PERI,PERI5,0.1394529699623539,0.2285527656899755
459601,20240411,probe00,131,PERI,PERI5,0.5983858133822095,0.10306271475920836
459601,20240411,probe00,132,PERI,PERI5,0.45185813001505504,0.20525734600877277
459601,20240411,probe00,133,PERI,PERI5,0.174490362751196,0.12214316287138904
459601,20240411,probe00,134,PERI,PERI5,0.25619151501162674,0.8750532602999134
459601,20240411,probe00,139,PERI,PERI5,0.2883809639367746,0.06705322257852742
459601,20240411,probe00,140,PERI,PERI5,0.3489106539950493,8.262818587567722e-05
459601,20240411,probe00,141,PERI,PERI5,0.4293241165480298,0.319854384121389
459601,20240411,probe00,144,PERI,PERI5,0.4538955412080822,0.06431564651393373
459601,20240411,probe00,146,PERI,PERI5,0.23266039694135165,0.18038649305268017
459601,20240411,probe00,147,PERI,PERI5,0.133042293026972,0.5412297874586434
459601,20240411,probe00,148,PERI,PERI5,0.48715128409082176,0.6881119344351996
459601,20240411,probe00,149,PERI,ECT5,0.06627065516862252,0.014731282145323044
459601,20240411,probe00,156,PERI,ECT5,0.6511277139971117,0.06823803623450453
459601,20240411,probe00,158,PERI,ECT5,0.8945109205493841,0.6030799277908858
459601,20240411,probe00,159,PERI,ECT5,0.6462636464622921,0.2971383076400749
459601,20240411,probe00,160,PERI,ECT5,0.6717543083446631,
459601,20240411,probe00,163,PERI,ECT5,0.7735108777193059,0.08767459709924907
459601,20240411,probe00,167,PERI,ECT5,0.7753925716438034,0.19851795649029336
459601,20240411,probe00,170,PERI,ECT5,0.7257746729033105,0.7023092579263416
459601,20240411,probe00,171,PERI,ECT5,0.37973057915595343,0.4361045117489616
459601,20240411,probe00,173,PERI,ECT5,0.9237152431544678,0.1819158691592735
459601,20240411,probe00,174,PERI,ECT5,0.9343087657051464,0.46483688898512876
459601,20240411,probe00,176,PERI,ECT5,0.04163020494424252,0.3168791093754797
459601,20240411,probe00,179,PERI,ECT5,0.8771557393768071,0.6575008673786205
459601,20240411,probe00,181,PERI,ECT5,0.7930599038550652,0.17351998546294733
459601,20240411,probe00,182,PERI,ECT5,0.6313968668796157,0.43042971971018795
459601,20240411,probe00,184,PERI,ECT5,0.8394606355069811,0.7447639820375083
459601,20240411,probe00,185,PERI,ECT5,0.1775454891367052,0.09948529916266147
459601,20240411,probe00,186,PERI,ECT5,0.4501711428909181,0.17251642552072366
459601,20240411,probe00,188,PERI,ECT5,0.3070964443025136,0.304630812006477
459601,20240411,probe00,189,PERI,ECT5,0.9201292271634285,0.5532654869820068
459601,20240411,probe00,192,PERI,ECT5,0.9091669656072728,0.047394329594664275
459601,20240411,probe00,196,PERI,ECT5,0.9488501893744831,0.6152107581297442
459601,20240411,probe00,197,PERI,ECT5,0.42953140023084346,0.38916771632239444
459601,20240411,probe00,198,PERI,ECT5,0.868149857987708,0.5123967507966742
459601,20240411,probe00,200,PERI,ECT5,0.08501690285309471,0.02620102863076168
459601,20240411,probe00,201,PERI,ECT5,0.9358753216813649,0.12699514604359918
459601,20240411,probe00,205,PERI,ECT5,0.31056594524520675,0.6890892496450136
459601,20240411,probe00,208,PERI,ECT5,0.8293076967562785,0.6331016786769138
459601,20240411,probe00,211,PERI,ECT5,0.5409281296289477,0.09852067118798002
459601,20240411,probe00,212,PERI,ECT5,0.12295204831592033,0.21619296302801627
459601,20240411,probe00,217,PERI,ECT5,0.4861336561856153,0.5970346205596304
459601,20240411,probe00,218,PERI,ECT5,0.7343628404967241,0.0936942248318754
459601,20240411,probe00,219,PERI,ECT5,0.1877571969325812,0.1785574315346643
459601,20240411,probe00,221,PERI,ECT5,0.37979679806751454,0.11440743113502994
459601,20240411,probe00,222,PERI,ECT5,0.02871261247894119,0.017643934859968846
459601,20240411,probe00,226,PERI,ECT5,0.6614678778912533,0.1254377428361596
459601,20240411,probe00,227,PERI,ECT6a,0.9694461623211988,0.6322028452987328
459601,20240411,probe00,229,PERI,ECT6a,0.15806523230353076,5.331829878585381e-05
459601,20240411,probe00,230,PERI,ECT6a,0.725601610543758,0.03204328391289901
459601,20240411,probe00,233,PERI,ECT6a,0.6470768284251698,0.02294564735315241
459601,20240411,probe00,234,PERI,ECT6a,0.10625708575938309,0.024022392721036012
459601,20240411,probe00,235,PERI,ECT6a,8.427955572232193e-05,4.765774730408623e-08
459601,20240411,probe00,239,PERI,ECT6a,0.1167601604268873,0.7725651662986015
459601,20240411,probe00,240,PERI,ECT6a,0.5453365124312803,0.9708612380161729
459601,20240411,probe00,241,PERI,ECT6a,0.7154497847497133,0.6593425980533429
459601,20240411,probe00,242,PERI,ECT6a,0.9157973535650928,0.15994431535950981
459601,20240411,probe00,244,PERI,ECT6a,0.18906571690137786,0.26489998150850935
459601,20240411,probe00,254,PERI,ECT6a,0.4267749545281033,0.465168725060219
459601,20240411,probe00,255,PERI,ECT6a,0.5613765906631598,0.6920185744120824
459601,20240411,probe00,257,PERI,ECT6a,0.44450925345533787,0.9024979727997187
459601,20240411,probe00,259,PERI,ECT6a,0.6739556124121279,0.0030308201242652544
459601,20240411,probe00,260,PERI,ECT6a,0.7223216844997848,0.42105845511195494
459601,20240411,probe00,268,PERI,ECT6a,0.9472067199142125,0.7128934661613312
459601,20240411,probe00,272,PERI,ECT6a,0.10479176924252387,0.6420973197374472
459601,20240411,probe00,273,PERI,ECT6a,0.4060007994906535,0.036556579909331366
459601,20240411,probe00,275,PERI,ECT6a,0.7906234386071809,0.4027934415540553
459601,20240411,probe00,278,PERI,ECT6a,0.6059335818384427,0.013589328362727415
459601,20240411,probe00,279,PERI,ECT6a,0.8535852831492083,0.39196213050890183
459601,20240411,probe00,280,PERI,ECT6a,0.16537637260813798,0.10799979152575323
459601,20240411,probe00,284,PERI,ECT6a,0.14040348659141566,0.000656387014386306
459601,20240411,probe00,289,PERI,ECT6a,0.9149902088479706,0.5308389689698774
459601,20240411,probe00,291,PERI,ECT6a,0.6532116937343184,0.0007752436866598211
459601,20240411,probe00,294,TEa,TEa6a,0.42920435018731584,0.009351692538514533
459601,20240411,probe00,298,TEa,TEa6a,0.8983772238232448,0.3009688145934586
459601,20240411,probe00,299,TEa,TEa6a,0.5213064903539246,0.03355369941858244
459601,20240411,probe00,306,TEa,TEa6a,,
459601,20240411,probe00,312,TEa,TEa6a,0.6141232251138893,0.23126693359134987
459601,20240411,probe00,313,TEa,TEa6a,0.5109568162554436,0.3248703929571678
459601,20240411,probe00,315,TEa,TEa6a,0.35793692540418665,0.003316555810042643
459601,20240411,probe00,319,TEa,TEa6a,0.0594275137688105,0.005097175869412385
459601,20240411,probe00,321,TEa,TEa6b,0.5034275913439163,0.025924537714270945
459601,20240411,probe00,322,TEa,TEa6a,0.6303177456977815,0.5262058090707726
459601,20240411,probe00,325,TEa,TEa6a,0.3728459786848255,0.07513982499934435
459601,20240411,probe00,327,TEa,TEa6a,0.937380787823244,0.673642975973588
459601,20240411,probe00,328,TEa,TEa6a,0.7012851375992568,
459601,20240411,probe00,329,TEa,TEa6a,0.18222395118796608,0.006916548554956381
459601,20240411,probe00,332,TEa,TEa6b,0.8364321782384619,0.00981636183728607
459601,20240411,probe00,333,TEa,TEa6b,0.8955031189814863,0.525733189299631
459601,20240411,probe00,336,TEa,TEa6b,,
459601,20240411,probe00,337,TEa,TEa6b,0.8200599420534104,0.47773066914563145
459601,20240411,probe00,339,TEa,TEa6b,0.6166603656878862,0.24080070306908907
459601,20240411,probe00,340,TEa,TEa6b,0.8283168738456338,0.15410223919217347
459601,20240411,probe00,346,TEa,TEa6b,0.6017659050139728,0.7029308021502712
459601,20240411,probe00,348,TEa,TEa6b,0.5142016642550136,0.9310194167592948
459601,20240411,probe00,351,TEa,TEa6b,0.4457294740114741,0.7466496963912232
459601,20240411,probe00,352,TEa,TEa6b,0.14300557962216198,0.19296457160397218
459601,20240411,probe00,355,TEa,TEa6b,0.6600839252256225,0.7914140919736509
459601,20240411,probe00,356,TEa,TEa6b,0.7225235320445034,0.004512575985907485
459601,20240411,probe00,357,TEa,TEa6b,0.7535930106039844,0.6485502781921115
459601,20240411,probe00,359,TEa,TEa6b,0.3237572542651468,0.8192596437588087
459601,20240411,probe00,360,TEa,TEa6b,0.2725371547152339,0.4036717429306631
459601,20240411,probe00,361,TEa,TEa6b,0.8324573889181395,0.009754521821095374
459601,20240411,probe00,362,TEa,TEa6b,0.5607864947056161,0.7362687194755261
459601,20240411,probe00,363,TEa,TEa6b,0.8287445719223033,0.009628547185070668
459601,20240411,probe00,366,TEa,TEa6b,0.7523085507725933,0.5826623545522434
459601,20240411,probe00,367,TEa,TEa6b,0.7090526817237692,0.8928022505689059
459601,20240411,probe00,368,TEa,TEa6b,0.8304123258033866,0.48465534450331826
459601,20240411,probe00,369,TEa,TEa6b,0.6849763216057578,0.01213511385119126
459601,20240411,probe00,370,TEa,TEa6b,0.3288903663454339,5.9673375919278016e-05
459601,20240411,probe00,371,TEa,TEa6b,0.8689421507129534,0.3193083814359805
459601,20240411,probe00,372,TEa,TEa6b,0.8182210801441004,0.225857455200981
459601,20240411,probe00,373,TEa,TEa6b,0.21634079386272453,0.7174397120213691
459601,20240411,probe00,375,TEa,TEa6b,0.0760472911781922,0.9176134345025145
459601,20240411,probe00,379,TEa,TEa6b,0.6711845329500579,0.7803691871705478
459601,20240411,probe00,380,TEa,TEa6b,0.6417539700796282,0.07950509337185918
459601,20240411,probe00,383,TEa,TEa6b,0.44617938958896797,0.014288831794977863
459601,20240411,probe00,385,TEa,TEa6b,0.9502251734572024,0.6300930545582968
459601,20240411,probe00,386,TEa,TEa6b,0.22275745891148013,0.00011757169681858581
459601,20240411,probe00,387,TEa,TEa6b,0.19222644066010952,0.1046966626055279
459601,20240411,probe00,395,root,ar,0.9587718302011521,0.0008453098253848879
459601,20240411,probe00,396,TEa,TEa6b,0.5016315871009567,0.08775670079947173
459601,20240411,probe00,406,root,ar,0.5093775539513228,0.0007792187064368239
459601,20240411,probe00,413,TEa,TEa6b,0.774705332676492,0.0019078363396619613
459601,20240411,probe00,416,TEa,TEa6b,0.432751691836326,0.34288377529954184
459601,20240411,probe00,419,TEa,TEa6b,0.7610893257997201,0.07609080354190889
459601,20240411,probe00,422,root,ar,0.8726076572570183,0.11784673430078851
459601,20240411,probe00,426,root,ar,0.6588180191776252,0.15107360413300264
459601,20240411,probe00,432,TEa,TEa6b,0.5928325458827834,0.853797735473261
459601,20240411,probe00,434,TEa,TEa6b,0.1757619657801266,0.01442042086039208
459601,20240411,probe00,442,TEa,TEa6b,0.23348947237032314,0.48455672515760373
459601,20240411,probe00,447,TEa,TEa6b,0.8210632480305968,0.9453615757855962
459601,20240411,probe00,451,TEa,TEa6b,0.09929796404422586,0.5327318104168838
459601,20240411,probe00,452,TEa,TEa6b,,
459601,20240411,probe00,461,TEa,TEa6a,0.3531044442372612,0.9727989777203121
459601,20240411,probe00,466,TEa,TEa6a,0.3292420248655594,0.7723023433874534
459601,20240411,probe00,468,TEa,TEa6a,0.6507824023518839,0.10756936074251544
459601,20240411,probe00,472,TEa,TEa6a,0.7585324065200884,0.012465152006159719
459601,20240411,probe00,476,TEa,TEa6a,0.09467809604629607,0.00031877369869193206
459601,20240411,probe00,477,TEa,TEa6a,0.12650746363275478,0.046443238113179075
459601,20240411,probe00,479,TEa,TEa6a,,
459601,20240411,probe00,480,TEa,TEa6a,0.45912433658340224,0.023077098141516705
459601,20240411,probe00,481,TEa,TEa6a,0.00031575361953928294,6.633933717248297e-06
459601,20240411,probe00,486,TEa,TEa6a,0.389713545885251,0.12328948118585503
459601,20240411,probe00,488,TEa,TEa6a,0.1111039092189533,0.00256988348278131
459601,20240411,probe00,496,TEa,TEa6a,0.02285471560359542,0.11094442237204083
459601,20240411,probe00,498,TEa,TEa6a,0.5010573289607625,0.7334516115298096
459601,20240411,probe00,501,TEa,TEa6a,,0.27441213826139343
459601,20240411,probe00,503,TEa,TEa6a,0.0014887292761873727,0.00690589935069974
459601,20240411,probe00,505,TEa,TEa6a,0.04210612138332248,4.424808355718568e-06
459601,20240411,probe00,506,TEa,TEa6a,0.36780039438655976,0.518867895878321
459601,20240411,probe00,511,TEa,TEa5,0.8326358417362497,0.009302353930338403
459601,20240411,probe00,518,VIS,VISli5,,
459601,20240411,probe00,519,VIS,VISli5,0.22320504297805455,0.31699186859419093
459601,20240411,probe00,520,VIS,VISli5,0.3112443082839438,0.4286784483647873
459601,20240411,probe00,521,VIS,VISli5,0.6500267635370172,0.21729821075480737
459601,20240411,probe00,527,VIS,VISli5,0.29925590061014895,0.00053000061094155
459601,20240411,probe00,528,VIS,VISli5,0.4193597419506361,0.0029661873769798452
459601,20240411,probe00,533,VIS,VISli5,0.5049432045181577,0.8832628959129474
459601,20240411,probe00,535,VIS,VISl5,0.8095301656450655,4.156013154954508e-06
459601,20240411,probe00,537,VIS,VISl5,0.729708716150552,0.021905845097328736
459601,20240411,probe00,539,VIS,VISl5,0.6458778507502141,0.27160394087419426
459601,20240411,probe00,544,VIS,VISl5,0.21651787080842178,0.003092481783981693
459601,20240411,probe00,545,VIS,VISl5,0.4444630663680129,0.9505135148941305
459601,20240411,probe00,546,VIS,VISl5,0.9503901847164623,0.0002869319714684515
459601,20240411,probe00,551,VIS,VISl5,0.954151170128955,0.7460688743464179
459601,20240411,probe00,552,VIS,VISl5,0.3059765213978082,0.014732393813806088
459601,20240411,probe00,555,VIS,VISl5,0.34024770683449057,0.6584518087443967
459601,20240411,probe00,558,VIS,VISl5,0.14796724472821932,0.02758409325917921
459601,20240411,probe00,559,VIS,VISl5,0.10399039952371603,3.951651395550648e-06
459601,20240411,probe00,563,VIS,VISl4,0.935025896903272,0.07686028094449038
459601,20240411,probe00,567,VIS,VISl4,0.3015244423851786,0.09650372306439814
459601,20240411,probe00,573,VIS,VISl4,0.12137558742763521,0.00044275841314544984
459601,20240411,probe00,578,VIS,VISl4,0.14139510685908474,0.007978966593894854
459601,20240411,probe00,579,VIS,VISl4,0.6627788928989019,0.015208825244347413
459601,20240411,probe00,587,VIS,VISl2/3,0.7739588134801227,0.012541002069784923
459601,20240411,probe00,596,VIS,VISp2/3,0.38828079679139504,0.15980117664083837
459601,20240411,probe01,6,root,DG-po,0.1864453389398637,0.016885981822098883
459601,20240411,probe01,9,root,DG-po,0.38945280162349694,0.5472132020735709
459601,20240411,probe01,13,root,DG-po,0.12941821151947575,0.25167355744650954
459601,20240411,probe01,14,root,DG-po,0.021054509666577625,0.9259320181958582
459601,20240411,probe01,16,root,DG-po,0.353872370901373,0.5648939715929711
459601,20240411,probe01,17,root,DG-po,0.36449173784414735,0.48358052489076575
459601,20240411,probe01,20,root,DG-sg,0.6391866886687047,0.9212976603177421
459601,20240411,probe01,21,root,DG-po,0.18674102604359533,0.2709207833990638
459601,20240411,probe01,22,root,DG-po,0.7519581797231478,0.4228828122639119
459601,20240411,probe01,27,root,DG-po,0.3689364649129153,0.3951339180964042
459601,20240411,probe01,29,root,DG-po,0.522456374684432,0.4007026486664109
459601,20240411,probe01,31,root,DG-sg,0.21602048355087689,0.7338580855191953
459601,20240411,probe01,33,root,DG-sg,0.9022236948123264,0.050948354111615024
459601,20240411,probe01,35,root,DG-sg,0.8890454536343277,0.2791299948489404
459601,20240411,probe01,36,root,DG-sg,0.8311151375227123,0.3501279567306095
459601,20240411,probe01,37,root,DG-sg,0.8703104616421681,0.08953477743650606
459601,20240411,probe01,38,root,DG-sg,0.6205553314678851,0.07812152414461582
459601,20240411,probe01,40,root,DG-sg,0.3147109149820613,0.004910465104172479
459601,20240411,probe01,42,root,DG-sg,0.5126128258117768,0.0008266209903675659
459601,20240411,probe01,43,root,DG-sg,0.0757784476615061,0.06287224941976233
459601,20240411,probe01,44,root,DG-sg,0.2974786362457946,0.0657182997496949
459601,20240411,probe01,45,root,DG-sg,0.7776482208521979,0.00017343014194937112
459601,20240411,probe01,48,root,DG-sg,0.87223125369943,0.35111384059654915
459601,20240411,probe01,50,root,DG-sg,0.7813563875961718,0.2678526695114376
459601,20240411,probe01,54,root,DG-sg,0.71155749965392,0.05849658731630292
459601,20240411,probe01,55,root,DG-sg,0.729965594213362,0.06413770950718756
459601,20240411,probe01,56,root,DG-sg,0.40191775349633097,0.11896143954655669
459601,20240411,probe01,60,root,DG-sg,0.26657531631983444,0.02402933434758725
459601,20240411,probe01,62,root,DG-sg,0.91011387909888,0.27581811358047303
459601,20240411,probe01,64,root,DG-sg,0.029483563625692932,0.11690798400617397
459601,20240411,probe01,65,root,DG-sg,0.8804935381758143,0.41707102610406466
459601,20240411,probe01,68,root,DG-sg,0.541979490671423,0.9673299910738047
459601,20240411,probe01,69,root,DG-sg,0.8237744283170405,0.04659781818041364
459601,20240411,probe01,71,root,DG-sg,0.17796709693619095,0.8927863327082608
459601,20240411,probe01,73,root,DG-sg,0.8277226923978468,0.3210365464700571
459601,20240411,probe01,74,root,DG-sg,0.004629070010509384,0.00042189935477610074
459601,20240411,probe01,75,root,DG-sg,0.8792078998417648,0.014990891856112576
459601,20240411,probe01,77,root,DG-sg,0.2041234706601197,0.2939646790424968
459601,20240411,probe01,79,root,DG-mo,0.8958394924250725,0.0015574846163912692
459601,20240411,probe01,80,root,DG-sg,0.23819797560597222,0.7841129115734293
459601,20240411,probe01,81,root,DG-sg,0.3838748292369033,0.5464326322700037
459601,20240411,probe01,82,root,DG-sg,0.48067641973925435,0.6710975736229977
459601,20240411,probe01,85,root,DG-sg,0.5346824044444702,0.0010812447108434764
459601,20240411,probe01,88,root,DG-sg,0.8336971742960033,0.4582870278219179
459601,20240411,probe01,97,root,DG-mo,0.33958018251942723,0.09009728213620716
459601,20240411,probe01,98,root,DG-mo,0.7743541164403678,0.010379715804922807
459601,20240411,probe01,120,CA1,CA1,0.8531717634243656,0.3978776980525741
459601,20240411,probe01,123,CA1,CA1,0.7631039212585056,0.41897455576121834
459601,20240411,probe01,133,CA1,CA1,0.5859717039088138,0.7468152826870743
459601,20240411,probe01,134,CA1,CA1,0.6309748934766539,0.23529663549435853
459601,20240411,probe01,135,CA1,CA1,0.5137062851738934,0.5342407060213732
459601,20240411,probe01,146,CA1,CA1,0.8390035110088623,0.09109480877347242
459601,20240411,probe01,152,root,DG-mo,0.6164502958348628,0.10436193285502116
459601,20240411,probe01,156,CA1,CA1,0.8192184604415118,0.06841726645858803
459601,20240411,probe01,158,CA1,CA1,0.7787441023538483,0.09768055499708173
459601,20240411,probe01,166,CA1,CA1,0.7339774085941722,0.022250069874637735
459601,20240411,probe01,182,CA1,CA1,0.5321983583539152,0.3209240694388247
459601,20240411,probe01,186,CA1,CA1,0.8770215711751127,0.030780069782861408
459601,20240411,probe01,188,CA1,CA1,0.7117854134886596,0.0019020838938287321
459601,20240411,probe01,193,CA1,CA1,0.1701964236880087,0.4579138033859306
459601,20240411,probe01,194,CA1,CA1,0.6386478556616211,0.0001818743773909226
459601,20240411,probe01,197,CA1,CA1,0.9378809579691466,0.29672372114956813
459601,20240411,probe01,200,CA1,CA1,0.48945831893287517,0.8436897737880737
459601,20240411,probe01,201,CA1,CA1,0.7429183631516939,0.7881398042153207
459601,20240411,probe01,202,CA1,CA1,0.28795421784356556,0.6337972078911243
459601,20240411,probe01,206,CA1,CA1,0.3689592792337104,0.2239363882975295
459601,20240411,probe01,209,CA1,CA1,0.06287093365998131,0.08318648011879448
459601,20240411,probe01,224,CA1,CA1,0.19842081431824277,0.056307449435221923
459601,20240411,probe01,226,CA1,CA1,0.06906790224209403,0.5033493194331069
459601,20240411,probe01,230,CA1,CA1,0.5196605224389876,0.0621328757654499
459601,20240411,probe01,256,CA1,CA1,0.28485819415383595,0.28958230307551036
459601,20240411,probe01,260,CA1,CA1,0.9637266801601683,0.8675423555258907
462910,20240813,probe00,1,LEC,ENTl6a,0.13697750695626743,0.2566145814225138
462910,20240813,probe00,2,LEC,ENTl6a,0.08105046277965233,0.4176348407428243
462910,20240813,probe00,3,LEC,ENTl5,0.049389815121563596,0.8213940670997942
462910,20240813,probe00,4,LEC,ENTl6a,0.8914389889124066,0.459943459825092
462910,20240813,probe00,10,LEC,ENTl6a,0.014391482033144776,0.0012710348035107621
462910,20240813,probe00,12,LEC,ENTl6a,0.02677332060622095,0.19354386025429438
462910,20240813,probe00,14,LEC,ENTl6a,0.35145488852008566,0.04097760038503928
462910,20240813,probe00,16,LEC,ENTl6a,0.567477776652861,0.6223551390009949
462910,20240813,probe00,17,LEC,ENTl6a,0.6983230480336291,0.8433160612003261
462910,20240813,probe00,22,LEC,ENTl6a,0.18001205523655528,0.46984399858861725
462910,20240813,probe00,23,LEC,ENTl6a,0.423401022140249,0.07004189189029753
462910,20240813,probe00,25,LEC,ENTl6a,0.6640699734398308,0.08228592230274212
462910,20240813,probe00,26,LEC,ENTl6a,0.30804853814638,0.5226534679319685
462910,20240813,probe00,31,LEC,ENTl6a,0.08247650413329632,0.0149415949117363
462910,20240813,probe00,34,LEC,ENTl6a,0.8581667504689241,0.7065886734097304
462910,20240813,probe00,36,LEC,ENTl6a,0.6395843819579613,0.06290524671642428
462910,20240813,probe00,37,LEC,ENTl6a,0.25906673068393715,0.48122902046466665
462910,20240813,probe00,42,LEC,ENTl6a,0.11371650693115065,0.02997389896616498
462910,20240813,probe00,43,LEC,ENTl6a,0.5390199994297332,0.08259965697870164
462910,20240813,probe00,44,LEC,ENTl6a,0.3639431044381567,0.08523383228287862
462910,20240813,probe00,45,LEC,ENTl6a,0.24150459105478117,0.09247527886724682
462910,20240813,probe00,48,LEC,ENTl6a,0.2127221960353366,0.19262051835900862
462910,20240813,probe00,52,LEC,ENTl6a,0.15361287594019357,0.17715524750858402
462910,20240813,probe00,55,LEC,ENTl6a,0.006391088570297354,0.03336419277954017
462910,20240813,probe00,57,LEC,ENTl6a,0.38684057849029707,0.5309986823354356
462910,20240813,probe00,59,LEC,ENTl6a,0.23948780938031977,0.2820354505451689
462910,20240813,probe00,60,LEC,ENTl6a,0.013843554116599766,0.0272677682492779
462910,20240813,probe00,61,LEC,ENTl6a,0.02088144175099893,0.14040420680338483
462910,20240813,probe00,62,LEC,ENTl6a,0.7233727645744616,
462910,20240813,probe00,65,LEC,ENTl6a,0.07743939754445373,0.21653444876420558
462910,20240813,probe00,67,LEC,ENTl6a,0.12736877549115433,0.3690859541426911
462910,20240813,probe00,68,LEC,ENTl6a,0.031618504589009055,0.11531943002621559
462910,20240813,probe00,70,LEC,ENTl6a,0.6020689451726108,0.3096052661076728
462910,20240813,probe00,73,LEC,ENTl6a,0.406469975467895,0.6114793474826927
462910,20240813,probe00,74,LEC,ENTl6a,0.4600586691474967,0.11676644372071954
462910,20240813,probe00,76,LEC,ENTl6a,,
462910,20240813,probe00,79,LEC,ENTl6a,0.3295392074900837,0.35114765247258695
462910,20240813,probe00,81,LEC,ENTl6a,0.6842419669115554,0.6411434012724085
462910,20240813,probe00,82,LEC,ENTl6a,0.7804597148797382,4.8902373179227077e-05
462910,20240813,probe00,83,LEC,ENTl6a,0.13561027072360832,0.2619267878577852
462910,20240813,probe00,96,LEC,ENTl6a,0.09616569042451983,0.5572587842606973
462910,20240813,probe00,97,LEC,ENTl6a,0.1531593963584198,0.35692584220003487
462910,20240813,probe00,98,LEC,ENTl6a,0.7197111394505336,0.7794562180895779
462910,20240813,probe00,99,LEC,ENTl6a,0.1344902127844716,0.40952675501170044
462910,20240813,probe00,101,root,EPd,0.6453642072124822,0.7150345429580077
462910,20240813,probe00,102,LEC,ENTl6a,0.27872996934353167,0.3809998210913276
462910,20240813,probe00,104,LEC,ENTl6a,0.7870587774372172,0.24412638688261523
462910,20240813,probe00,105,LEC,ENTl6a,0.7263621161403071,0.03384738319485825
462910,20240813,probe00,106,LEC,ENTl6a,0.058765482649050016,0.75883106885026
462910,20240813,probe00,108,LEC,ENTl6a,0.23633947053375548,0.09671768700357863
462910,20240813,probe00,110,root,EPd,0.1623077637436232,0.8045412160572545
462910,20240813,probe00,114,LEC,ENTl6a,,0.9864106781950901
462910,20240813,probe00,117,root,EPd,0.30891980723974877,0.0015678245009707048
462910,20240813,probe00,119,LEC,ENTl6a,0.20878467060446326,0.8957533719852564
462910,20240813,probe00,120,root,ec,0.10617125555102258,0.035963608343964726
462910,20240813,probe00,122,root,ec,0.06699085604602828,0.2334018926003547
462910,20240813,probe00,123,root,ec,0.6209825160280749,0.12280051736880793
462910,20240813,probe00,127,root,ec,0.05693801399041676,0.061221148805988945
462910,20240813,probe00,128,root,ec,0.03913111970071759,0.16496629305549126
462910,20240813,probe00,129,root,ec,0.3357768485152972,0.7267178339884346
462910,20240813,probe00,130,root,ec,,0.6705024981788802
462910,20240813,probe00,133,root,ec,0.07687484989005389,0.21581479296341077
462910,20240813,probe00,134,root,ec,0.19121225680905007,0.15551662429631408
462910,20240813,probe00,135,root,ec,0.8793531030982711,0.3006287642114315
462910,20240813,probe00,138,root,ec,0.3350043242655515,0.19033470371278516
462910,20240813,probe00,141,root,ec,0.18065480285862157,0.9201497574823244
462910,20240813,probe00,143,root,ec,0.7704844989382988,0.27646752209307424
462910,20240813,probe00,144,root,ec,0.41052688811320925,0.5925850132842085
462910,20240813,probe00,145,root,ec,0.24364843921519042,0.395108563557078
462910,20240813,probe00,148,root,ec,0.384159749468272,0.3956691687977054
462910,20240813,probe00,149,root,ec,0.6150741195087083,0.29924569640489407
462910,20240813,probe00,150,root,ec,0.1337409679476036,0.36945404290278916
462910,20240813,probe00,151,root,ec,0.12370725824291562,0.004419181704119035
462910,20240813,probe00,152,root,ec,0.04056041354504081,0.03200162747177626
462910,20240813,probe00,153,root,alv,0.05533323227184894,0.03910139287046244
462910,20240813,probe00,154,root,alv,0.6380158249783804,0.4320988789075868
462910,20240813,probe00,156,root,alv,0.6681602774922817,0.09426932038118474
462910,20240813,probe00,164,root,alv,0.32439472460305474,0.16732155406227378
462910,20240813,probe00,165,root,alv,0.7910043860438178,0.2024121534710397
462910,20240813,probe00,171,CA1,CA1,,
462910,20240813,probe00,172,CA1,CA1,0.8347203794889138,0.7331634289899144
462910,20240813,probe00,176,CA1,CA1,0.3908585038229997,0.28242873546106984
462910,20240813,probe00,179,CA1,CA1,0.08061163035637575,0.04191348072064649
462910,20240813,probe00,186,CA1,CA1,0.5529407701390106,0.6315782349662775
462910,20240813,probe00,187,CA1,CA1,0.0524706571901129,0.5372040378312644
462910,20240813,probe00,189,CA1,CA1,0.5691583337598608,0.00981233302562301
462910,20240813,probe00,192,CA1,CA1,0.07273292056580116,0.09406996759511932
462910,20240813,probe00,198,CA1,CA1,0.3412039931632165,0.8151137903921755
462910,20240813,probe00,199,CA1,CA1,0.11643535294848206,0.21973913354611385
462910,20240813,probe00,204,CA1,CA1,0.6079900361605843,0.04927962917807727
462910,20240813,probe00,208,CA1,CA1,0.03571272381317403,0.10415668536675204
462910,20240813,probe00,215,CA1,CA1,0.050105604994414854,0.04391874078748692
462910,20240813,probe00,218,CA1,CA1,0.8650807451244098,0.4208420171556245
462910,20240813,probe00,219,CA1,CA1,0.1657451504101619,0.04849102810775585
462910,20240813,probe00,220,CA1,CA1,0.26293740173924784,0.3605675246126715
462910,20240813,probe00,226,CA1,CA1,0.15462762849000689,0.11782079355128783
462910,20240813,probe00,227,CA1,CA1,0.17283462248212444,0.6905209630834406
462910,20240813,probe00,230,CA1,CA1,0.1608122957703545,0.023944083580836995
462910,20240813,probe00,231,CA1,CA1,0.41220654192906825,0.17243056280394187
462910,20240813,probe00,236,CA1,CA1,0.8547263958282205,0.45121688847195585
462910,20240813,probe00,241,CA1,CA1,0.09567476258780327,0.06412638104141477
462910,20240813,probe00,245,CA1,CA1,0.6223153585668151,0.2694077460375707
462910,20240813,probe00,248,CA1,CA1,0.7271557074396395,0.7914449232422693
462910,20240813,probe00,249,CA1,CA1,0.5323809695567416,0.7162629027039988
462910,20240813,probe00,250,CA1,CA1,0.45957318074354436,0.6424073907701362
462910,20240813,probe00,253,CA1,CA1,0.2513363104199837,0.7768255804064481
462910,20240813,probe00,254,CA1,CA1,0.8746609526325578,0.31461042705666464
462910,20240813,probe00,255,CA1,CA1,0.916839825054794,0.8202610574251966
462910,20240813,probe00,257,CA1,CA1,0.04465555250119191,0.22121355216688277
462910,20240813,probe00,262,CA1,CA1,0.25207687734331163,0.06242989130203491
462910,20240813,probe00,269,CA1,CA1,0.4329673527968392,0.0743591557966592
462910,20240813,probe00,273,CA1,CA1,0.36715352504321985,
462910,20240813,probe00,278,CA1,CA1,0.7175052963337043,0.013839560911050097
462910,20240813,probe00,285,CA1,CA1,0.20931757545347296,0.6713446129552636
462910,20240813,probe00,286,CA1,CA1,0.21220367178802546,0.07632926665255979
462910,20240813,probe00,289,CA1,CA1,0.07929339737413155,0.05789426859409563
462910,20240813,probe00,290,CA1,CA1,0.2977520666154396,0.2111976878089108
462910,20240813,probe00,292,CA1,CA1,0.24467255458175474,0.2971613948486471
462910,20240813,probe00,297,CA1,CA1,0.6137301143406664,0.8990100134475991
462910,20240813,probe00,299,CA1,CA1,0.05090071151312614,0.5612697147280645
462910,20240813,probe00,303,CA1,CA1,0.6600340111849494,0.3909739969553815
462910,20240813,probe00,305,CA1,CA1,0.6024854400599016,0.6715002012932016
462910,20240813,probe00,307,CA1,CA1,0.6355145008280739,0.40313965692309406
462910,20240813,probe00,310,CA1,CA1,0.22173981775263163,0.1923664963243532
462910,20240813,probe00,313,CA1,CA1,0.1566752392814661,0.608820193893918
462910,20240813,probe00,327,CA1,CA1,0.386362699036614,0.04204078220389307
462910,20240813,probe00,328,CA1,CA1,0.17022814409024534,0.33706227711349346
462910,20240813,probe00,333,CA1,CA1,0.10091325886387048,0.20139678481897305
462910,20240813,probe00,342,CA1,CA1,0.2849649922980555,0.32940405262883
462910,20240813,probe00,343,CA1,CA1,0.7856550438005627,0.16847978792176677
462910,20240813,probe00,344,CA1,CA1,0.25068509972294695,0.2975920853791828
462910,20240813,probe00,347,CA1,CA1,0.13217528725463568,0.02630261399080891
462910,20240813,probe00,353,CA1,CA1,0.04488578159605572,0.013985896241842877
462910,20240813,probe00,356,CA1,CA1,0.20684956600930826,0.04765088450362265
462910,20240813,probe00,358,CA1,CA1,0.32224272789557096,0.9049956930970452
462910,20240813,probe00,367,CA1,CA1,0.34392651218681747,0.2725985827114611
462910,20240813,probe00,368,CA1,CA1,0.38449702326213,0.5821008972319618
462910,20240813,probe00,375,CA1,CA1,0.1561597205228914,0.04745348194564969
462910,20240813,probe00,377,CA1,CA1,0.7896330008855015,
462910,20240813,probe00,379,CA1,CA1,0.06180109356798491,0.01704909190869741
462910,20240813,probe00,380,CA1,CA1,,
462910,20240813,probe00,386,CA1,CA1,0.06935416196518507,0.0743552677196635
462910,20240813,probe00,392,CA1,CA1,0.7057708312216302,0.0034705061998983044
462910,20240813,probe00,399,CA1,CA1,,0.37277878441752477
462910,20240813,probe00,401,CA1,CA1,0.20354765519437734,0.2054230780672066
462910,20240813,probe00,405,CA1,CA1,0.8210297884406678,0.01731919029651441
462910,20240813,probe00,409,CA1,CA1,0.23755762467702624,0.03569144458418738
462910,20240813,probe00,413,CA1,CA1,0.2688701767908275,0.0077043075598248745
462910,20240813,probe00,416,CA1,CA1,0.23262931982388524,0.05968793098607017
462910,20240813,probe00,433,CA1,CA1,0.3464175155068896,0.4378760084048102
462910,20240813,probe00,440,CA1,CA1,0.05130082431000771,0.08882668711277752
462910,20240813,probe00,445,CA1,CA1,0.8479477867490279,0.08092571367646206
462910,20240813,probe00,446,CA1,CA1,0.8153846885847846,0.21375500302592654
462910,20240813,probe00,449,CA1,CA1,0.11194185258355094,0.007976398428811371
462910,20240813,probe00,454,CA1,CA1,0.38941614932874535,0.36690852696391996
462910,20240813,probe00,455,CA1,CA1,0.8977454095900304,0.8909458227027542
462910,20240813,probe00,456,CA1,CA1,0.22414524661476531,0.04897948956212983
462910,20240813,probe00,457,CA1,CA1,0.3989666223926759,0.4534280066862465
462910,20240813,probe00,458,CA1,CA1,0.9028675904214181,0.019182307069959048
462910,20240813,probe00,460,CA1,CA1,0.12275787886970235,0.1862782436622451
462910,20240813,probe00,462,CA1,CA1,0.05624280532858028,0.6222626204809868
462910,20240813,probe00,464,CA1,CA1,0.1703231510972114,0.3943143784709757
462910,20240813,probe00,466,CA1,CA1,0.6253916972393133,0.5854168310282393
462910,20240813,probe00,467,CA1,CA1,0.7959201144414798,0.25096534697594564
462910,20240813,probe00,470,CA1,CA1,0.017305131429462328,0.019840938448015932
462910,20240813,probe00,474,CA1,CA1,0.1273956305175573,0.18345633278227946
462910,20240813,probe00,476,CA1,CA1,0.6843010067606259,0.7084062361683927
462910,20240813,probe00,478,CA1,CA1,0.43882577217562657,0.01045389447224132
462910,20240813,probe00,483,CA1,CA1,0.3891830922185203,0.29789102617407903
462910,20240813,probe00,484,CA1,CA1,0.14071997558537175,0.0043506981151978374
462910,20240813,probe00,485,CA1,CA1,0.7747575862347986,0.49212798106936173
462910,20240813,probe00,488,CA1,CA1,0.3563389450715605,0.06962943675484323
462910,20240813,probe00,490,CA1,CA1,0.7866723124327346,0.23284643665196514
462910,20240813,probe00,491,CA1,CA1,0.020018732926374017,0.012406602892395147
462910,20240813,probe00,492,CA1,CA1,0.07949128180772569,0.016605391387484847
462910,20240813,probe00,495,CA1,CA1,0.2086351803503088,0.05531294831934408
462910,20240813,probe00,499,CA1,CA1,0.8343217925496854,0.3257209218749205
462910,20240813,probe00,500,CA1,CA1,0.8447222971652224,0.8740360986276912
462910,20240813,probe00,501,CA1,CA1,0.1691871753488815,0.06573382028640595
462910,20240813,probe00,504,CA1,CA1,0.18412129574313585,0.09230335136124102
462910,20240813,probe00,508,CA1,CA1,0.09447413902470259,0.04818414562585238
462910,20240813,probe00,509,CA1,CA1,0.24655770462108506,0.5321019278383711
462910,20240813,probe00,511,CA1,CA1,0.8394667326372833,0.6264228169974383
462910,20240813,probe00,512,CA1,CA1,0.08064941944604997,0.09173984980251337
462910,20240813,probe00,514,CA1,CA1,0.47548043805135853,0.24316687936051007
462910,20240813,probe00,519,CA1,CA1,0.8923663115808966,0.24743358866412768
462910,20240813,probe00,520,CA1,CA1,0.625858811827273,0.05920509226477311
462910,20240813,probe00,525,CA1,CA1,0.6101747323626775,0.12086129787738087
462910,20240813,probe00,528,CA1,CA1,0.5025643311690985,0.36926549256768293
462910,20240813,probe00,529,CA1,CA1,0.2663543926659928,0.00926290469082891
462910,20240813,probe00,530,CA1,CA1,0.6896517394856999,0.24371209506157987
462910,20240813,probe00,532,CA1,CA1,0.25063972856313965,0.17824279164666745
462910,20240813,probe00,533,CA1,CA1,0.2348134807252198,0.5141045849433197
462910,20240813,probe00,534,CA1,CA1,0.020705685853941835,0.2165288910126535
462910,20240813,probe00,536,CA1,CA1,0.1764991987428105,0.015025944685100101
462910,20240813,probe00,539,CA1,CA1,0.19161433909505665,0.2460932471007492
462910,20240813,probe00,541,CA1,CA1,0.6222450302276806,0.8247536832071991
462910,20240813,probe00,542,CA1,CA1,0.6602269412558859,0.22942019732360353
462910,20240813,probe00,544,CA1,CA1,0.28979271953479147,0.39066691575853674
462910,20240813,probe00,545,CA1,CA1,0.825565213356172,0.4225294447579029
462910,20240813,probe00,548,CA1,CA1,0.07625237821411801,0.23826557501265522
462910,20240813,probe00,549,CA1,CA1,0.23839622338645106,0.6148783718998709
462910,20240813,probe00,550,CA1,CA1,0.6162073465348321,0.0973720673821985
462910,20240813,probe00,551,CA1,CA1,0.784102903028743,0.032803161492104604
462910,20240813,probe00,556,CA1,CA1,0.1423846967770268,0.16899099064181922
462910,20240813,probe00,559,CA1,CA1,0.8609006117665154,0.16393676418992953
462910,20240813,probe00,562,CA1,CA1,0.45440474441094625,0.6923039494102721
462910,20240813,probe00,563,CA1,CA1,0.3891175791549184,0.19465692496996723
462910,20240813,probe00,565,CA1,CA1,0.5802104315700016,0.6219073811635792
462910,20240813,probe00,567,CA1,CA1,0.5798298040219098,0.023175209825536336
462910,20240813,probe00,568,CA1,CA1,0.18109009320559455,0.6401189215673804
462910,20240813,probe00,569,CA1,CA1,0.8384444851387004,0.27568650288572816
462910,20240813,probe00,571,CA1,CA1,0.1523760318031464,0.47107143472992763
462910,20240813,probe00,572,CA1,CA1,0.6262160133862207,0.15915364305428914
462910,20240813,probe00,573,CA1,CA1,0.20827489293631452,0.3418127510467953
462910,20240813,probe00,575,CA1,CA1,0.26826698509079305,0.4129302714049925
462910,20240813,probe00,576,CA1,CA1,0.305004725277353,0.4405752703500627
462910,20240813,probe00,577,CA1,CA1,0.8121430548147519,0.00826282396840039
462910,20240813,probe00,578,CA1,CA1,0.5720928963161436,0.19607416203070782
462910,20240813,probe00,579,CA1,CA1,0.7894671861904476,0.0038714033241901147
462910,20240813,probe00,580,CA1,CA1,0.13659183514769524,0.2719589557638281
462910,20240813,probe00,583,CA1,CA1,0.23647178568902982,0.07434392113445332
462910,20240813,probe00,584,CA1,CA1,0.8398208578788993,0.13475777231119224
462910,20240813,probe00,585,CA1,CA1,0.18294358007685163,0.1687512559952703
462910,20240813,probe00,586,CA1,CA1,0.8197882321568984,0.11212649805645802
462910,20240813,probe00,587,CA1,CA1,0.2661245326158642,0.050405895450686855
462910,20240813,probe00,588,CA1,CA1,0.8625137669123537,0.4149375318529688
462910,20240813,probe00,591,CA1,CA1,0.23358677247447002,0.6864845570658329
462910,20240813,probe00,592,CA1,CA1,0.44573424498305236,0.7843579097204383
462910,20240813,probe00,594,CA1,CA1,0.48004434768531756,0.6478795941398816
462910,20240813,probe00,596,CA1,CA1,0.5737109735425475,0.3654622292541092
462910,20240813,probe00,597,CA1,CA1,0.4761008209723663,0.10104105363122251
462910,20240813,probe00,599,CA1,CA1,0.4921478779478987,0.3233127796882871
462910,20240813,probe00,600,root,alv,0.12458666893532844,0.44401558703377986
462910,20240813,probe00,601,root,alv,0.5970124012875566,0.08362393885318475
462910,20240813,probe00,602,root,alv,0.09695472837708585,0.08083405104479469
462910,20240813,probe00,603,root,alv,0.8671317625987587,0.017932479855531036
462910,20240813,probe00,605,root,alv,0.2945006443284577,0.5077329771441538
462910,20240813,probe00,607,root,alv,0.8622108772244776,0.36032561969290855
462910,20240813,probe00,608,root,alv,0.6507726205606158,0.02581271281987485
462910,20240813,probe00,612,CA1,CA1,0.23008309942661553,0.7315910832309348
462910,20240813,probe00,621,root,fp,0.08375202881313282,0.25557225740825007
462910,20240813,probe00,625,root,fp,0.4927174246416408,0.38992194425488924
462910,20240813,probe00,627,root,fp,0.7771937587295552,0.0369271303491171
462910,20240813,probe00,630,root,fp,0.0210016139604432,0.03648657407134215
462910,20240813,probe00,632,root,fp,0.3117342559662053,0.6294311234808301
462910,20240813,probe00,636,root,fp,0.6586025913953145,0.6438607459985977
462910,20240813,probe00,637,root,fp,0.4502264382179695,0.05477245513915885
462910,20240813,probe00,640,root,fp,0.710219022626279,0.5820097645870741
462910,20240813,probe00,642,root,fp,0.6334760194990919,0.08969137256302351
462910,20240813,probe00,643,root,fp,0.3106406908796816,0.49555902576087363
462910,20240813,probe00,651,root,or,0.1826116897614385,0.020684829004026795
462910,20240813,probe00,653,root,or,0.44545616110848407,0.017503181440633675
462910,20240813,probe00,655,root,or,0.8785795505778156,0.014585726155852075
462910,20240813,probe00,656,root,or,0.3787679614896037,0.13917808497150297
462910,20240813,probe00,657,root,or,0.0065644468997562155,0.3032820752239871
462910,20240813,probe00,660,root,or,0.4113529388025928,0.26816651713267914
462910,20240813,probe00,663,root,or,0.43686965583873594,0.6041935728189483
462910,20240813,probe00,664,root,or,0.3537592736538818,0.04872793860129898
462910,20240813,probe00,666,root,or,0.17613461614962966,0.007272736325408147
462910,20240813,probe00,667,root,or,0.38544242134158546,0.09351791762457218
462910,20240813,probe00,669,root,or,0.1326396905774211,0.36405476232706924
462910,20240813,probe00,672,root,or,0.7290190015109792,0.8223193285861004
462910,20240813,probe00,673,AUD,AUDd6b,0.24325443941223568,0.18583051035979226
462910,20240813,probe00,674,AUD,AUDd6b,0.3435977311612495,0.18934122602412085
462910,20240813,probe00,678,root,or,0.05226584455527283,0.127339036646558
462910,20240813,probe00,679,VIS,VISal6b,0.041204891744995864,0.09131588641432054
462910,20240813,probe00,683,VIS,VISal6b,0.46222769969755284,0.746915355666292
462910,20240813,probe00,685,AUD,AUDd6b,0.7131360058618994,0.7586877964454534
462910,20240813,probe00,688,VIS,VISal6b,0.059440549285341704,0.23056531255248858
462910,20240813,probe00,691,VIS,VISal6a,0.12402740780576482,0.6766141080504069
462910,20240813,probe00,692,VIS,VISal6a,0.12150022948902472,0.1294493163460384
462910,20240813,probe00,693,VIS,VISal6b,0.4597410533679238,0.41060948368081684
462910,20240813,probe00,694,VIS,VISal6a,0.12099347651868197,0.31181514156726753
462910,20240813,probe00,696,VIS,VISal6a,0.6901430710708577,0.02453522545865472
462910,20240813,probe00,697,VIS,VISal6b,0.1669936337952339,0.4822702516700391
462910,20240813,probe00,698,VIS,VISal6b,0.19540996459109428,0.567530680593928
462910,20240813,probe00,699,VIS,VISal6a,0.4114719051921143,0.2637353664831229
462910,20240813,probe00,700,VIS,VISal6a,0.020722450873944975,0.349246073164169
462910,20240813,probe00,703,VIS,VISal6a,0.09946248021692017,0.30810366840715375
462910,20240813,probe00,704,VIS,VISal6a,0.05007844388974381,0.6332378221433441
462910,20240813,probe00,706,VIS,VISal6a,0.05598691021662905,0.197355462540994
462910,20240813,probe00,707,VIS,VISal6a,0.03448440429611821,0.23997937159494698
462910,20240813,probe00,709,VIS,VISal6a,0.5863092975294217,0.14746601883334365
462910,20240813,probe00,710,VIS,VISal6a,0.23434327811266842,0.5355674096455951
462910,20240813,probe00,711,VIS,VISal6a,0.5979637654525909,0.19841824850683887
462910,20240813,probe00,712,VIS,VISal6a,0.5282894567518509,0.7917514034822117
462910,20240813,probe00,713,VIS,VISal6a,0.37932807507963406,0.6126342138688898
462910,20240813,probe00,714,VIS,VISal6a,0.2779177880767585,0.7978049064972577
462910,20240813,probe00,715,VIS,VISal6a,0.8773823513523775,0.013052802091823579
462910,20240813,probe00,716,VIS,VISal6a,0.13735260475306899,0.37802992906411104
462910,20240813,probe00,718,VIS,VISal6a,0.9345885191279839,0.25918364502846747
462910,20240813,probe00,719,VIS,VISal6a,0.6259920395121468,0.3712086292142971
462910,20240813,probe00,721,VIS,VISal6a,0.13336537885000388,0.09270494245643057
462910,20240813,probe00,723,VIS,VISal6a,0.04260325286294564,0.5240239792683529
462910,20240813,probe00,724,VIS,VISal6a,0.6978116475833359,0.3357876739771498
462910,20240813,probe00,727,VIS,VISal6a,0.7429453027507651,0.007728343330632326
462910,20240813,probe00,728,VIS,VISal6a,0.331085616699187,0.012293718125157671
462910,20240813,probe00,730,VIS,VISal6a,0.008594759989526746,0.6190564516520924
462910,20240813,probe00,733,VIS,VISal6a,0.31812775126170845,0.01614356080479684
462910,20240813,probe00,734,VIS,VISal6a,0.031105824437229534,0.16141104016475516
462910,20240813,probe00,737,VIS,VISal6a,0.2678647419750817,0.12117744471725866
462910,20240813,probe00,738,VIS,VISal6a,0.18093687451143425,0.5272730143322867
462910,20240813,probe00,739,VIS,VISal6a,0.656599095247812,0.004332521188498029
462910,20240813,probe00,741,VIS,VISal6a,0.1493242147873305,0.5198830810423607
462910,20240813,probe00,742,VIS,VISal6a,0.691593375272344,0.08832220215498998
462910,20240813,probe00,746,VIS,VISal6a,0.4947328434314252,0.18176505880048688
462910,20240813,probe00,747,VIS,VISal6a,0.10603805541982203,0.93218044163671
462910,20240813,probe00,749,VIS,VISal6a,0.5597397605630459,0.8420553422378207
462910,20240813,probe00,752,VIS,VISal6a,0.3747320647869802,0.5560537403589967
462910,20240813,probe00,753,VIS,VISal6a,0.059674382873366905,0.62460733948474
462910,20240813,probe00,754,VIS,VISal6a,0.15430721662958613,0.17390011323887566
462910,20240813,probe00,756,VIS,VISal6a,0.38951144617295896,0.27334089095430447
462910,20240813,probe00,760,VIS,VISal6a,0.057676749340316746,0.20741036794881362
462910,20240813,probe00,761,VIS,VISal6a,0.04700774139166097,0.34430472734745865
462910,20240813,probe00,762,VIS,VISal6a,0.7086226312894062,0.0857740379353562
462910,20240813,probe00,763,VIS,VISal6a,0.08446670946034163,0.0451708076199272
462910,20240813,probe00,764,VIS,VISal6a,0.10429093497641773,0.7446542654561925
462910,20240813,probe00,765,VIS,VISal6a,0.8669136519259542,0.8852779231513185
462910,20240813,probe00,769,VIS,VISal6a,0.6409065260189661,0.31497271256817705
462910,20240813,probe00,780,VIS,VISal6a,0.1490431563219342,0.4714950845728745
462910,20240813,probe00,783,VIS,VISal6a,0.7096223623774317,0.6430618423452242
462910,20240813,probe00,784,VIS,VISal6a,0.02361354130465798,0.02993968768996602
462910,20240813,probe00,807,VIS,VISal5,0.5310900996855993,0.3260860338165539
462910,20240813,probe00,810,VIS,VISal5,0.03618181295526646,0.00966109637275514
462910,20240813,probe00,839,root,VISrl5,,0.2941172388541139
462910,20240813,probe00,844,root,VISrl5,0.7522930751055644,0.16741210730903744
462910,20240813,probe00,845,root,VISrl5,0.30148007225308315,0.06651215456631532
462910,20240813,probe00,848,root,VISrl4,0.10113799351068731,0.2719175351414249
462910,20240813,probe00,850,root,VISrl4,0.07983653344775021,0.7282987670049138
462910,20240813,probe00,853,root,VISrl4,0.36275122261816806,0.08327442950621622
462910,20240813,probe00,855,root,VISrl4,0.7533642269913114,0.18204423402008973
462910,20240813,probe01,14,root,DG-mo,0.20189287198886074,0.021579644647711005
462910,20240813,probe01,21,root,DG-mo,0.24423856772810637,0.3088709290687096
462910,20240813,probe01,26,root,DG-mo,0.8260561747426358,0.4100276142575182
462910,20240813,probe01,61,CA1,CA1,0.2894344175172435,0.5358345048284245
462910,20240813,probe01,67,root,DG-mo,0.6391476568121921,0.6572873293494577
462910,20240813,probe01,69,root,DG-mo,0.9617493656990991,0.14474884416596712
462910,20240813,probe01,77,CA1,CA1,0.6332962110127661,0.9373646854933302
462910,20240813,probe01,79,CA1,CA1,0.6844344166657628,0.4503565703921345
462910,20240813,probe01,86,CA1,CA1,0.18109180411059955,0.04718285291922908
462910,20240813,probe01,97,CA1,CA1,0.029729207287158665,0.005135571674462991
462910,20240813,probe01,102,CA1,CA1,0.32637669993877405,0.6464058232602357
462910,20240813,probe01,104,CA1,CA1,0.19269477894285836,0.687025465889654
462910,20240813,probe01,115,CA1,CA1,0.04283720623391096,0.0034626067263527904
462910,20240813,probe01,143,CA1,CA1,0.5363575922510896,0.43418510020714685
462910,20240813,probe01,145,CA1,CA1,0.20749407899143424,0.009292809442060679
462910,20240813,probe01,150,CA1,CA1,0.04270585159748863,0.15744566129367
462910,20240813,probe01,156,CA1,CA1,0.3418818481068172,0.017064698530011913
462910,20240813,probe01,158,CA1,CA1,0.2762007452175522,0.9030176767487781
462910,20240813,probe01,160,CA1,CA1,0.38529530896505904,0.5114427950899927
462910,20240813,probe01,163,CA1,CA1,0.6439607390508686,0.8834174600021997
462910,20240813,probe01,164,CA1,CA1,0.1894003741015713,0.0026943796202537618
462910,20240813,probe01,165,CA1,CA1,0.6516997060978522,0.0025203902306111248
462910,20240813,probe01,173,CA1,CA1,0.09167113775366731,0.2415740037479409
462910,20240813,probe01,176,CA1,CA1,0.5942586522678752,0.5878117936812423
462910,20240813,probe01,178,CA1,CA1,0.4220630263734023,0.7692770076445924
462910,20240813,probe01,181,CA1,CA1,0.8365932458016294,0.6569617299037522
462910,20240813,probe01,183,CA1,CA1,0.35323877597040587,0.746264769158012
462910,20240813,probe01,189,CA1,CA1,0.3664680236891109,0.2856951186189304
462910,20240813,probe01,198,CA1,CA1,0.27000428773201424,0.271423592267631
462910,20240813,probe01,199,CA1,CA1,0.3656178171015765,0.4754570493717386
462910,20240813,probe01,203,CA1,CA1,0.8044133160700719,0.4410058236096436
462910,20240813,probe01,213,CA1,CA1,0.3784099852468893,0.3689090433335397
462910,20240813,probe01,217,CA1,CA1,0.2677772703107323,0.9389881845194848
462910,20240813,probe01,219,CA1,CA1,0.20836124258699684,0.3988299918932019
462910,20240813,probe01,221,CA1,CA1,0.08003725760030955,0.050944120567149365
462910,20240813,probe01,232,CA1,CA1,0.8025633354944554,0.8153931809683231
462910,20240813,probe01,234,CA1,CA1,0.18616858131730107,0.5301328100116887
462910,20240813,probe01,235,CA1,CA1,0.2541741666673957,0.05169306417699404
462910,20240813,probe01,237,CA1,CA1,0.229734929604256,0.2173258972487122
462910,20240813,probe01,247,CA1,CA1,0.15461620488308325,0.057630435084438436
462910,20240813,probe01,248,CA1,CA1,0.1136361193013784,0.05483773485344723
462910,20240813,probe01,249,CA1,CA1,0.7738789675483495,0.2249192781957936
462910,20240813,probe01,250,CA1,CA1,0.826123974235413,0.1449230973483796
462910,20240813,probe01,252,CA1,CA1,0.05120130983545401,0.9418664881763571
462910,20240813,probe01,255,CA1,CA1,0.10446525357377245,0.3538928005997717
462910,20240813,probe01,257,CA1,CA1,0.8051618187765841,0.634697957387402
462910,20240813,probe01,265,CA1,CA1,0.6028385800233893,0.8666456354303986
462910,20240813,probe01,278,CA1,CA1,0.4924507889776909,0.4936114834023163
462910,20240813,probe01,282,CA1,CA1,0.1861772045827974,0.609506928175495
462910,20240813,probe01,287,CA1,CA1,0.1451197828378823,0.004891052359201842
462910,20240813,probe01,290,CA1,CA1,0.005377633409536564,0.30786153049309983
462910,20240813,probe01,294,CA1,CA1,0.09068039135189143,0.03944448982781834
462910,20240813,probe01,296,CA1,CA1,0.37739013562048207,0.588320619039142
462910,20240813,probe01,297,CA1,CA1,0.09380694873134066,0.3432573684053074
462910,20240813,probe01,304,CA1,CA1,0.6937607249211322,0.32498166471063394
462910,20240813,probe01,310,CA1,CA1,0.3915224630683233,0.041252825497469
462910,20240813,probe01,313,CA1,CA1,0.7243630595349292,0.11383369991060799
462910,20240813,probe01,316,CA1,CA1,0.3883186028634529,0.2533063019418714
462910,20240813,probe01,324,CA1,CA1,0.22859029750386606,0.3464354424461169
462910,20240813,probe01,326,CA1,CA1,0.580205770233584,0.15517298526828238
462910,20240813,probe01,332,CA1,CA1,0.08553067238731527,0.4088737800370036
462910,20240813,probe01,338,CA1,CA1,0.4846653312871322,0.29294303218936557
462910,20240813,probe01,354,CA1,CA1,0.12456333859975433,0.022815768101479672
462910,20240813,probe01,356,CA1,CA1,0.6909828871924144,0.7978035418359827
462910,20240813,probe01,358,CA1,CA1,0.2570914237313646,0.7927076177450799
462910,20240813,probe01,372,CA1,CA1,,0.9823220172470667
462910,20240813,probe01,384,CA1,CA1,0.26560499374948754,0.32454500324642777
462910,20240813,probe01,432,CA1,CA1,0.4547558127309066,0.34026193469565713
462910,20240813,probe01,449,CA1,CA1,0.9458569869473059,0.8169398201100667
462910,20240813,probe01,458,CA1,CA1,0.38930422379407925,0.12332051429907986
462910,20240813,probe01,464,CA1,CA1,0.337056331956901,0.12026763512757654
462910,20240813,probe01,466,CA1,CA1,0.23944427306598415,0.07121917742516459
462910,20240813,probe01,468,CA1,CA1,0.18209377324531228,0.0869726762955455
462910,20240813,probe01,471,CA1,CA1,0.5570511738780992,0.36852686361152776
462910,20240813,probe01,477,CA1,CA1,0.03190239046262533,0.1805026712733283
462910,20240814,probe00,2,LEC,ENTl5,0.1251774134427518,0.004161228281585716
462910,20240814,probe00,3,LEC,ENTl5,0.5721363646427444,0.5687295595503532
462910,20240814,probe00,4,LEC,ENTl5,0.24143166964119045,0.5032044892774351
462910,20240814,probe00,5,LEC,ENTl5,0.11330675792805833,0.09343701828311646
462910,20240814,probe00,10,LEC,ENTl6a,0.5825851707417009,0.021351325352379602
462910,20240814,probe00,11,LEC,ENTl6a,0.765441358665289,0.821186382828773
462910,20240814,probe00,12,LEC,ENTl6a,0.28999904785249875,0.23631721372738657
462910,20240814,probe00,13,LEC,ENTl6a,0.28627591344516146,0.0455105986843638
462910,20240814,probe00,17,LEC,ENTl6a,0.5874146062086666,0.7305987762903605
462910,20240814,probe00,18,LEC,ENTl6a,0.611978220081242,0.6921634125374635
462910,20240814,probe00,19,LEC,ENTl6a,0.6798598906758779,0.4049425027763557
462910,20240814,probe00,20,LEC,ENTl6a,0.6441806416783951,0.7628562785526359
462910,20240814,probe00,21,LEC,ENTl6a,0.09668716221956375,0.01772270106152196
462910,20240814,probe00,28,LEC,ENTl6a,0.19324419550519745,0.1980283087891881
462910,20240814,probe00,31,LEC,ENTl6a,0.3293802516749067,0.010902663616268016
462910,20240814,probe00,33,PERI,PERI6a,0.24455465749060612,0.06858292559348289
462910,20240814,probe00,37,PERI,PERI6a,0.290010682503958,0.6039345370540817
462910,20240814,probe00,39,PERI,PERI6a,0.37760767961287567,0.017370738165834898
462910,20240814,probe00,40,PERI,PERI6a,0.5464809312706882,0.08918709238557054
462910,20240814,probe00,44,PERI,PERI6a,0.8016464988150211,0.14798041640030235
462910,20240814,probe00,45,PERI,PERI6a,0.31694727644023835,0.89797284828048
462910,20240814,probe00,47,PERI,PERI6a,0.06658733336931932,0.06150426990854618
462910,20240814,probe00,48,PERI,PERI6a,0.42822228093465053,0.06171543772379151
462910,20240814,probe00,51,PERI,ECT6a,0.27177251266176494,0.11200836397361569
462910,20240814,probe00,55,PERI,ECT6a,0.4753948079334702,0.6121227783979601
462910,20240814,probe00,56,PERI,ECT6a,0.5757547141061881,0.25506098625372475
462910,20240814,probe00,57,PERI,ECT6a,0.5702050828146714,0.8770515466955096
462910,20240814,probe00,61,PERI,ECT6a,0.6811543548437958,0.2729161980802619
462910,20240814,probe00,64,PERI,ECT6a,0.5638448717770312,0.03425534663815466
462910,20240814,probe00,65,PERI,ECT6a,0.886713881684569,0.5592677651274091
462910,20240814,probe00,67,PERI,ECT6a,0.5161925084779171,0.21734420425157241
462910,20240814,probe00,69,PERI,ECT6a,0.8553170631597146,0.21607857005285402
462910,20240814,probe00,71,PERI,ECT6a,0.6946453957607996,0.002704422310443766
462910,20240814,probe00,72,PERI,ECT6a,0.45358510532427565,0.9316746256125352
462910,20240814,probe00,74,PERI,ECT6a,0.5758441688883974,0.005625844839441063
462910,20240814,probe00,75,PERI,ECT6a,0.3431813264372656,0.0005621055258622221
462910,20240814,probe00,80,PERI,ECT6a,0.8947415520908786,0.9317723939916996
462910,20240814,probe00,82,PERI,ECT6a,0.18913598635180617,0.22773072429877195
462910,20240814,probe00,86,PERI,ECT6a,0.4048281166727965,0.6872044967720707
462910,20240814,probe00,88,PERI,ECT6a,0.8397443014447035,0.928080473047993
462910,20240814,probe00,91,PERI,ECT6a,0.6690958547138358,0.002079994638778726
462910,20240814,probe00,94,PERI,ECT6a,0.5583764909510167,0.006643247273565578
462910,20240814,probe00,95,PERI,ECT6a,0.6184359173882429,0.35791564214493765
462910,20240814,probe00,96,PERI,ECT6a,0.31550371078804396,0.6894994522450193
462910,20240814,probe00,97,PERI,ECT6a,0.4360024780237466,0.0955850712689833
462910,20240814,probe00,98,PERI,ECT6a,0.2739687856590741,0.9516719645773705
462910,20240814,probe00,102,PERI,ECT6a,0.6458646406959733,0.6790067100833475
462910,20240814,probe00,104,PERI,ECT6a,0.054123619376076015,0.21805197112401864
462910,20240814,probe00,105,PERI,ECT6a,0.18030041815025155,0.2827108372070535
462910,20240814,probe00,107,PERI,ECT6b,0.662610869504944,0.24451545800261598
462910,20240814,probe00,108,PERI,ECT6b,0.5485297686779509,0.1870999086724503
462910,20240814,probe00,113,PERI,ECT6b,0.8885089171225321,0.33518011641015777
462910,20240814,probe00,114,PERI,ECT6b,0.8857836577701784,0.5081069276400509
462910,20240814,probe00,115,PERI,ECT6b,0.11616623200815401,0.05426359161793015
462910,20240814,probe00,116,PERI,ECT6b,0.5317858534807838,0.8865406510693993
462910,20240814,probe00,119,PERI,ECT6b,0.44494884884722075,0.4539088890488694
462910,20240814,probe00,123,PERI,ECT6b,0.3146423907732522,0.4482210710773151
462910,20240814,probe00,125,PERI,ECT6b,0.3777122113459961,0.28312529465387326
462910,20240814,probe00,126,PERI,ECT6b,0.1660957601727252,0.21580140631285272
462910,20240814,probe00,127,PERI,ECT6b,0.254727026553522,0.7075624354332637
462910,20240814,probe00,128,PERI,ECT6b,0.5744428482227129,0.2244099971382606
462910,20240814,probe00,130,PERI,ECT6b,0.143190290696815,0.1312635484018988
462910,20240814,probe00,131,PERI,ECT6b,0.46283178759607047,0.3046732394109799
462910,20240814,probe00,132,PERI,ECT6b,0.4013374924595977,0.35437056711035164
462910,20240814,probe00,135,PERI,ECT6b,,
462910,20240814,probe00,137,PERI,ECT6b,0.7608314736893169,0.6442254432314741
462910,20240814,probe00,140,PERI,ECT6b,0.5957355535925091,0.06248482643479292
462910,20240814,probe00,142,root,ec,0.2125359199511131,0.185819850955543
462910,20240814,probe00,143,root,ec,0.3951773079943287,0.019954540863587167
462910,20240814,probe00,145,PERI,ECT6b,0.9291117692635649,0.6075699695914201
462910,20240814,probe00,146,root,ec,0.07350920528070792,0.09189464657372304
462910,20240814,probe00,147,root,ec,0.8958915273080447,0.5468820020157785
462910,20240814,probe00,148,PERI,ECT6b,0.20361524864867409,0.737203867453327
462910,20240814,probe00,149,root,ec,0.12594324294315695,0.5666372122641923
462910,20240814,probe00,160,root,ec,0.2628460479605764,0.0034963024466500014
462910,20240814,probe00,166,root,ec,0.5662063605363535,0.02167904467156434
462910,20240814,probe00,168,root,ec,0.34863753811323717,0.2772546417276569
462910,20240814,probe00,169,root,ec,0.26900146649140666,0.03847324019243392
462910,20240814,probe00,171,root,ec,0.7457323716395055,0.5093916233062188
462910,20240814,probe00,174,root,ec,0.5362040037732796,0.004512385495465732
462910,20240814,probe00,175,root,ec,0.45247870612788055,0.538357966197881
462910,20240814,probe00,176,root,ec,0.8534369080602862,0.4183025778202727
462910,20240814,probe00,177,root,ec,0.6285699049326389,0.3107364808164029
462910,20240814,probe00,181,root,ec,0.5469466993293381,0.47464367233139404
462910,20240814,probe00,184,root,ec,0.15801149888111155,0.5862927397029798
462910,20240814,probe00,191,root,ec,0.5246448696341905,0.5415845515313187
462910,20240814,probe00,193,root,alv,0.5142575918816119,0.44007940952513025
462910,20240814,probe00,199,root,alv,0.7458975001951365,0.8259335092943644
462910,20240814,probe00,200,root,alv,0.5247640617976146,0.12967213527825705
462910,20240814,probe00,201,root,alv,0.2574719675907744,0.7027332235492751
462910,20240814,probe00,204,CA1,CA1,0.6147670097273665,0.005965688786146117
462910,20240814,probe00,205,CA1,CA1,0.42046064421558416,0.9369481603471571
462910,20240814,probe00,206,CA1,CA1,0.4627129175763687,0.6759267361364696
462910,20240814,probe00,209,CA1,CA1,0.3253687041495956,0.40371339584980903
462910,20240814,probe00,211,root,alv,0.514158532932385,0.3823354398555969
462910,20240814,probe00,213,CA1,CA1,0.018803897350627374,0.07552731936971424
462910,20240814,probe00,220,CA1,CA1,0.4362546921729663,0.8541043603001968
462910,20240814,probe00,221,root,alv,0.18819040762730077,0.08547556955859703
462910,20240814,probe00,224,CA1,CA1,0.13978679902635616,0.006559580530935305
462910,20240814,probe00,227,CA1,CA1,0.31682859707115163,0.3933250883658622
462910,20240814,probe00,228,CA1,CA1,0.33324765214865604,0.4057673609291692
462910,20240814,probe00,230,CA1,CA1,0.3487591733439124,0.008939035699276565
462910,20240814,probe00,231,CA1,CA1,0.6347546486794113,0.22136269299374034
462910,20240814,probe00,234,CA1,CA1,0.8269361377856846,0.7497177797248269
462910,20240814,probe00,235,CA1,CA1,0.4867236541029173,0.2839127985933654
462910,20240814,probe00,236,CA1,CA1,0.04374722816214427,0.709718076235409
462910,20240814,probe00,237,CA1,CA1,0.46241386514451566,0.15986150155460266
462910,20240814,probe00,238,CA1,CA1,0.6343687097827371,0.9124211334673451
462910,20240814,probe00,240,CA1,CA1,0.639603321154466,0.2531957431456229
462910,20240814,probe00,241,CA1,CA1,0.8471813321849931,0.08962510849989624
462910,20240814,probe00,244,CA1,CA1,0.5223406486442375,4.0894814123504375e-05
462910,20240814,probe00,248,CA1,CA1,0.29154892798873044,0.5316015166623066
462910,20240814,probe00,250,CA1,CA1,0.4682965688012588,0.02728572810276364
462910,20240814,probe00,252,CA1,CA1,0.3005159976678773,0.0059558982136868055
462910,20240814,probe00,253,CA1,CA1,0.38445551577444403,0.5753314475160657
462910,20240814,probe00,256,CA1,CA1,0.7385596239573494,0.3364127438866995
462910,20240814,probe00,262,CA1,CA1,0.31978911605381866,0.001795169100539784
462910,20240814,probe00,263,CA1,CA1,0.4637774444770737,0.07220834404224885
462910,20240814,probe00,265,CA1,CA1,0.7593122694417852,0.3525054694831883
462910,20240814,probe00,269,CA1,CA1,0.5052676690148914,0.13436558656632658
462910,20240814,probe00,272,CA1,CA1,0.38795565168750235,0.04676223305985605
462910,20240814,probe00,276,CA1,CA1,0.8507260684266601,0.07936823181823516
462910,20240814,probe00,279,CA1,CA1,0.2423900292354032,0.08424175468871631
462910,20240814,probe00,280,CA1,CA1,0.8158938675744261,0.4307353640150561
462910,20240814,probe00,281,CA1,CA1,0.7908073418628119,0.715727030617173
462910,20240814,probe00,283,CA1,CA1,0.8456271090427284,0.010209706160840382
462910,20240814,probe00,285,CA1,CA1,0.3240198819810304,0.5545801124992931
462910,20240814,probe00,287,CA1,CA1,0.14308545298542108,0.005325284180357159
462910,20240814,probe00,288,CA1,CA1,0.03069769103403508,0.960435021172141
462910,20240814,probe00,289,CA1,CA1,0.17475236722441212,0.23496558381050447
462910,20240814,probe00,291,CA1,CA1,0.25670650852153376,0.004791036431936346
462910,20240814,probe00,292,CA1,CA1,0.16053702247773682,0.12859673749564304
462910,20240814,probe00,293,CA1,CA1,0.01589178185461948,0.7225639082366437
462910,20240814,probe00,294,CA1,CA1,0.04497878335558947,0.038686700542974184
462910,20240814,probe00,295,CA1,CA1,0.19020743940443108,0.684659595462328
462910,20240814,probe00,298,CA1,CA1,0.14456348081300596,
462910,20240814,probe00,300,CA1,CA1,0.3103951419649351,0.5065864733350679
462910,20240814,probe00,301,CA1,CA1,0.49361246675929393,0.2178845890636253
462910,20240814,probe00,302,CA1,CA1,0.683136741072983,0.12119020832948935
462910,20240814,probe00,303,CA1,CA1,0.296974129248317,0.1880933657271191
462910,20240814,probe00,307,CA1,CA1,0.672003045668144,0.7843480485419576
462910,20240814,probe00,312,CA1,CA1,0.6670008264202913,0.36399168999449905
462910,20240814,probe00,316,CA1,CA1,0.7423630136914727,0.40468953301556776
462910,20240814,probe00,318,CA1,CA1,0.24922439616352832,0.08686301296225407
462910,20240814,probe00,319,CA1,CA1,0.49515003948163394,0.2414769263787684
462910,20240814,probe00,322,CA1,CA1,0.8785664334727886,0.29190278135021286
462910,20240814,probe00,323,CA1,CA1,0.3778344108341365,0.7600549986863441
462910,20240814,probe00,325,root,alv,0.8027532645701739,0.04361581472863063
462910,20240814,probe00,326,root,alv,0.4422758091855251,0.4449854499506166
462910,20240814,probe00,329,CA1,CA1,0.26142220478659506,0.16540703929405076
462910,20240814,probe00,331,root,alv,0.08623892560272717,0.2965901872234916
462910,20240814,probe00,332,CA1,CA1,0.3310228039079697,0.7210427286989826
462910,20240814,probe00,334,CA1,CA1,0.8138692759714238,0.10295064282454591
462910,20240814,probe00,336,root,alv,0.8865046071517688,0.840033811381534
462910,20240814,probe00,337,root,alv,0.8891819147481157,0.8607013588830223
462910,20240814,probe00,339,CA1,CA1,0.38386125575345287,0.25022008210305313
462910,20240814,probe00,343,root,alv,0.8989901911409611,0.43914630481514416
462910,20240814,probe00,344,root,alv,0.2241099942939584,0.0006751182309649995
462910,20240814,probe00,345,root,alv,0.6795542906719994,0.14934801456262536
462910,20240814,probe00,347,root,alv,0.24564476759828868,0.10168909691946026
462910,20240814,probe00,348,root,alv,0.1815017341886529,0.7804815261488156
462910,20240814,probe00,352,root,alv,0.21870307491309093,0.2825336899754095
462910,20240814,probe00,353,root,alv,0.18241665924205297,0.032338085198130195
462910,20240814,probe00,355,root,alv,0.19390003052646476,0.631027138899063
462910,20240814,probe00,356,root,alv,0.06618067103472203,0.4950070508537058
462910,20240814,probe00,357,root,alv,0.3421162434909987,0.07377489571103513
462910,20240814,probe00,358,root,alv,0.7442250746089111,0.20406961242177601
462910,20240814,probe00,361,root,alv,0.865890249733905,0.4700037307100069
462910,20240814,probe00,364,root,alv,0.2408443363221885,0.057010898169806645
462910,20240814,probe00,365,root,alv,0.5706659627510593,0.15130208573527548
462910,20240814,probe00,366,root,alv,0.7558252352278646,0.2807099018465654
462910,20240814,probe00,368,root,alv,0.33878487725985873,0.13934148080284858
462910,20240814,probe00,369,root,alv,0.0831132271007442,0.06672242901353231
462910,20240814,probe00,370,root,alv,0.5873234401497966,0.2244593906888528
462910,20240814,probe00,371,root,alv,0.746923056050465,0.18700817975760875
462910,20240814,probe00,372,root,alv,0.08342081995263018,0.24114424363427922
462910,20240814,probe00,373,root,alv,0.2950711642849596,0.33906169127291885
462910,20240814,probe00,374,root,alv,0.16361608244856962,0.5717739935492353
462910,20240814,probe00,375,root,fp,0.3213114252661292,0.12583425875728327
462910,20240814,probe00,376,root,fp,0.16124902408841624,0.017707964913298735
462910,20240814,probe00,377,root,fp,0.19574928847962125,0.8635879677516088
462910,20240814,probe00,378,root,alv,0.7573107865164174,0.7336240318320477
462910,20240814,probe00,380,root,fp,0.6463243015789903,0.40836404357450884
462910,20240814,probe00,381,root,alv,0.47760973457502975,0.7324200284668259
462910,20240814,probe00,383,root,alv,0.09621906549387338,0.022185664995946874
462910,20240814,probe00,386,root,alv,0.8363117552491908,0.2776332153557022
462910,20240814,probe00,387,root,alv,0.01951112448055292,0.37414532226388886
462910,20240814,probe00,389,root,alv,0.6759024910323608,0.7589357350048718
462910,20240814,probe00,390,root,alv,0.0662250697868283,0.209444352629519
462910,20240814,probe00,391,root,fp,0.18778300163728323,0.21097778491916808
462910,20240814,probe00,397,root,fp,0.3300607339552468,0.80346697268231
462910,20240814,probe00,399,root,fp,0.07113148026084115,0.020043096388257298
462910,20240814,probe00,400,root,fp,0.22492707886685936,0.6642042633759999
462910,20240814,probe00,403,root,fp,0.368763121665142,0.07685727089274941
462910,20240814,probe00,404,root,fp,0.8080169113260335,0.3576581725879442
462910,20240814,probe00,407,root,fp,0.2010218461220169,0.22000108388716044
462910,20240814,probe00,409,root,fp,0.0612696496774483,0.483742016900889
462910,20240814,probe00,411,root,fp,0.35455421287308353,0.8818524022604521
462910,20240814,probe00,412,root,fp,0.05244018607573109,0.010215184005886946
462910,20240814,probe00,415,root,fp,0.8530033045662722,0.1311123890521284
462910,20240814,probe00,417,root,fp,0.22550133756928614,0.2621349559014535
462910,20240814,probe00,418,root,fp,0.5295048174043795,0.0061227348183255925
462910,20240814,probe00,419,root,fp,0.8312479909491214,0.8942242987426388
462910,20240814,probe00,420,root,fp,0.13398255482052457,0.18197227790316928
462910,20240814,probe00,421,root,fp,0.2584327536800617,0.2615638070397881
462910,20240814,probe00,422,root,fp,0.4249836892758547,0.03371785140228656
462910,20240814,probe00,425,root,fp,0.22040137001691462,0.8615988787867928
462910,20240814,probe00,427,root,fp,0.30397152411850903,0.24591571406216783
462910,20240814,probe00,430,root,fp,0.7019428974135451,0.7240546681582793
462910,20240814,probe00,431,root,fp,0.8959920640346593,0.4397145572026375
462910,20240814,probe00,432,root,fp,0.7172732923729671,0.7031631664443703
462910,20240814,probe00,433,root,fp,0.6386743592141173,0.35058827848091256
462910,20240814,probe00,434,root,fp,0.3296525099912563,0.01768216827967517
462910,20240814,probe00,435,root,fp,0.08850288713567411,0.3514000108835851
462910,20240814,probe00,436,root,fp,0.6195713901074984,0.2851066774335388
462910,20240814,probe00,437,root,fp,0.30254147101192064,0.6202860326200998
462910,20240814,probe00,439,root,fp,0.08908399611400986,0.12856274246931554
462910,20240814,probe00,440,root,fp,0.12941048511494746,0.5758051211910333
462910,20240814,probe00,445,root,fp,0.6617581816689233,0.31632240659477995
462910,20240814,probe00,447,root,or,0.3583976680126928,0.2764153580492359
462910,20240814,probe00,449,root,or,0.7881297083279484,0.7440914024952383
462910,20240814,probe00,452,root,or,0.12110640657308058,0.008185600995995634
462910,20240814,probe00,453,root,fp,0.939632192932023,0.5834512027487204
462910,20240814,probe00,455,root,or,0.37402768085916926,0.17692786590074816
462910,20240814,probe00,457,root,or,0.2234485945787239,0.513766845717446
462910,20240814,probe00,460,root,fp,0.1668218589011865,0.16495036361323856
462910,20240814,probe00,461,root,fp,0.3420967724633224,0.3553437467646152
462910,20240814,probe00,463,root,or,0.22758270476064946,0.5723051111102012
462910,20240814,probe00,466,root,or,0.3075892584201453,0.11953510838888082
462910,20240814,probe00,467,root,or,0.6919535137018903,0.21276248141921683
462910,20240814,probe00,468,root,or,0.1367892598240621,0.3547596291404186
462910,20240814,probe00,470,root,or,0.0626935270739587,0.1517827081522195
462910,20240814,probe00,471,root,or,0.1886240645218763,0.028658443866169003
462910,20240814,probe00,472,root,or,0.35453797889209915,0.8099778361407399
462910,20240814,probe00,474,root,or,0.5490187134833031,0.715217564810318
462910,20240814,probe00,476,root,or,0.325422232733253,0.09336099630948214
462910,20240814,probe00,479,root,or,0.581095482777636,0.3962215395089923
462910,20240814,probe00,482,root,or,0.4144483889058651,0.6721478734202497
462910,20240814,probe00,483,root,or,0.4351435478516751,0.2925833812421622
462910,20240814,probe00,484,root,or,0.5790426810070016,0.3573445247156851
462910,20240814,probe00,488,root,or,0.352438503823012,0.8447995677411738
462910,20240814,probe00,490,root,or,0.07587728458179166,0.07127075391341864
462910,20240814,probe00,491,root,or,0.10923906566089125,0.5532418983714962
462910,20240814,probe00,494,root,or,0.36370101444998415,0.9467521937732878
462910,20240814,probe00,495,root,or,0.0031878765848264434,0.4847885093346034
462910,20240814,probe00,496,root,or,0.16374180793219972,0.8185543690201528
462910,20240814,probe00,498,root,or,0.5129409967405514,0.056427423062038407
462910,20240814,probe00,499,root,or,0.2924199168952655,0.032752177725076215
462910,20240814,probe00,500,root,or,0.698128985030274,0.2817777446269728
462910,20240814,probe00,501,root,or,0.08064330049857904,0.007882195724005059
462910,20240814,probe00,503,root,or,0.6755195627882982,
462910,20240814,probe00,505,root,or,0.11149586603217443,0.14418247677962737
462910,20240814,probe00,506,root,or,0.23433646261123997,0.47526979322602725
462910,20240814,probe00,509,root,or,0.14289010035894256,0.16868102538186325
462910,20240814,probe00,510,root,or,0.141547550833669,0.10604024825268221
462910,20240814,probe00,512,root,or,0.8459368606944991,0.7046902478974493
462910,20240814,probe00,518,root,or,0.4839694300732498,0.46121011798569234
462910,20240814,probe00,520,root,or,0.5770262616067152,0.35245070298118675
462910,20240814,probe00,522,root,or,0.23389464328409937,0.10072258332612727
462910,20240814,probe00,528,root,or,0.5218176240583393,0.08053894745495027
462910,20240814,probe00,530,root,or,0.8488650435109811,0.8041046719642813
462910,20240814,probe00,534,AUD,AUDd6b,0.21244885953680837,0.26100252877012986
462910,20240814,probe00,535,AUD,AUDd6b,0.1382373347414454,0.11381338206206959
462910,20240814,probe00,541,AUD,AUDd6b,0.6210202758762738,0.6452031778268756
462910,20240814,probe00,545,AUD,AUDd6b,0.2161328790849718,0.1565950450928456
462910,20240814,probe00,549,AUD,AUDd6b,0.6225967257970884,0.6955449505983791
462910,20240814,probe00,550,AUD,AUDd6b,0.07082529170076324,0.7739832569684749
462910,20240814,probe00,551,AUD,AUDd6b,0.44851973429826053,0.05986531842766363
462910,20240814,probe00,553,AUD,AUDd6a,0.4960098076919227,0.21347271579364557
462910,20240814,probe00,557,root,SSs6a,0.2346198972411495,0.009985988804521284
462910,20240814,probe00,561,root,SSs6a,0.05566933155081044,0.04487569036172934
462910,20240814,probe00,563,root,SSs6a,0.825465041119154,0.03725602117768434
462910,20240814,probe00,565,root,SSs6a,0.16350966168301528,0.061417063413131245
462910,20240814,probe00,566,root,SSs6a,0.23475966362853473,0.3650528767611392
462910,20240814,probe00,569,root,SSs6a,0.27369055532249587,0.09203600530367717
462910,20240814,probe00,570,root,SSs6a,0.6428456896080603,0.006274049802597825
462910,20240814,probe00,573,root,SSs6a,0.28445783632530963,0.2810264414321806
462910,20240814,probe00,577,root,SSs6a,0.21768249735565204,0.8573077843272703
462910,20240814,probe00,579,root,SSs6a,0.753636374900946,0.8826797874940233
462910,20240814,probe00,582,root,SSs6a,0.519897292952334,0.1715903425337263
462910,20240814,probe00,583,root,SSs6a,0.7079086394471972,0.14511858062174976
462910,20240814,probe00,584,root,SSs6a,0.6034893963810637,0.031095664790626976
462910,20240814,probe00,585,root,SSs6a,0.2681565788480068,0.17431473671444142
462910,20240814,probe00,586,root,SSs6a,0.6857024970657823,0.4254955354717874
462910,20240814,probe00,587,root,SSs6a,0.39326209867091244,0.16132433382187095
462910,20240814,probe00,588,root,SSs6a,0.2928921431261704,0.0728481637048296
462910,20240814,probe00,590,root,SSs6a,0.33063053311653556,0.44658780947655285
462910,20240814,probe00,591,root,SSs6a,0.5494159780100976,0.028176002555947433
462910,20240814,probe00,592,root,SSs6a,0.24521728182418212,0.0017191250497302635
462910,20240814,probe00,594,root,SSs6a,0.5224916111785078,0.2599083482140626
462910,20240814,probe00,595,root,SSs6a,0.31114387393188536,0.8610265374613891
462910,20240814,probe00,600,root,SSs6a,0.3640402631479014,0.02758109486658311
462910,20240814,probe00,601,root,SSs6a,0.19577921249728403,0.9377156999955611
462910,20240814,probe00,603,root,SSs6a,0.5457147944534183,0.1998320676970431
462910,20240814,probe00,606,root,SSs6a,0.12725634976610734,0.006345703134472247
462910,20240814,probe00,608,root,SSs6a,0.3509452220580659,0.002146685299448947
462910,20240814,probe00,610,root,SSs6a,0.29331965804909654,0.24727899660109554
462910,20240814,probe00,614,root,SSs6a,0.6954510123770087,0.1302081398640934
462910,20240814,probe00,615,root,SSs6a,0.19902112962443308,0.5485581552776603
462910,20240814,probe00,616,root,SSs6a,0.9414382200119893,0.2330947772373667
462910,20240814,probe00,618,root,SSs6a,0.48016300713734206,0.030985560515817356
462910,20240814,probe00,619,root,SSs6a,0.20896675927120612,0.5455310047746598
462910,20240814,probe00,621,root,SSs6a,0.1656304756563315,0.01779277485480346
462910,20240814,probe00,622,root,SSs6a,0.29686725909228917,0.05973181771691927
462910,20240814,probe00,625,root,SSs6a,0.14625171954564642,0.5964363517117208
462910,20240814,probe00,626,root,SSs6a,0.24223937995523048,0.12132624755007126
462910,20240814,probe00,627,root,SSs6a,0.6886289855296507,0.7549754676637621
462910,20240814,probe00,628,root,SSs6a,0.2575105350169361,0.02188207915420115
462910,20240814,probe00,631,root,SSs6a,0.5504197276397906,0.731815373549269
462910,20240814,probe00,632,root,SSs6a,0.05323098469654419,0.011839802536563915
462910,20240814,probe00,634,root,SSs6a,0.3239416975016284,0.27702265540605486
462910,20240814,probe00,635,root,SSs6a,0.5302141889004642,0.006690128202950341
462910,20240814,probe00,636,root,SSs6a,0.012623404751897715,0.0009524010587873555
462910,20240814,probe00,639,root,SSs6a,0.46507872794704874,0.025264910033277466
462910,20240814,probe00,640,root,SSs6a,0.00435761973619031,0.4710217207749061
462910,20240814,probe00,644,root,SSs6a,0.6913904601182331,0.03778898489872806
462910,20240814,probe00,645,root,SSs6a,0.21927274839015642,0.4488121540271167
462910,20240814,probe00,646,root,SSs6a,0.7764164009641884,0.5117408049601446
462910,20240814,probe00,648,root,SSs6a,0.8290341075198696,0.005860230310711367
462910,20240814,probe00,650,root,SSs6a,0.13319038348970325,0.3359357601784225
462910,20240814,probe00,651,root,SSs6a,0.10355853489192435,0.7376280426404609
462910,20240814,probe00,653,root,SSs6a,0.2596935312027364,0.03506932614374303
462910,20240814,probe00,654,root,SSs6a,0.2616938567126048,0.22761695057541487
462910,20240814,probe00,656,root,SSs6a,0.6410956975076038,0.24037877215396597
462910,20240814,probe00,657,root,SSs6a,0.38170940678293264,0.012004282418820456
462910,20240814,probe00,658,root,SSs6a,0.5512828573228965,0.18426871321972793
462910,20240814,probe00,661,root,SSs6a,0.42144000166999285,0.07501762983162896
462910,20240814,probe00,663,root,SSs6a,0.41583374722492483,0.0012155759866904203
462910,20240814,probe00,664,root,SSs5,0.6592570347019551,0.24329238390967745
462910,20240814,probe00,668,root,SSs5,0.4902014845395133,0.29571755492874574
462910,20240814,probe00,669,root,SSs5,0.2176764430898288,0.03504411961013709
462910,20240814,probe00,671,root,SSs5,0.35524790582825705,0.19877923008520582
462910,20240814,probe00,673,root,SSp-bfd5,0.5867379222539543,0.15723983903711292
462910,20240814,probe00,675,root,SSp-bfd5,0.17108518257019367,0.08134044569000709
462910,20240814,probe00,677,root,SSp-bfd5,0.8603900298401101,0.02695557603185228
462910,20240814,probe00,678,root,SSp-bfd5,0.5045904846811327,0.19571402201262955
462910,20240814,probe00,685,root,SSp-bfd5,0.7426452560337442,0.02400448887574258
462910,20240814,probe00,686,root,SSp-bfd5,0.2535717301803906,0.4401907363554032
462910,20240814,probe00,687,root,SSp-bfd5,0.2705674995228212,0.06495077568285446
462910,20240814,probe00,693,root,SSp-bfd5,0.43440088340815386,0.5213197032061292
462910,20240814,probe00,698,root,SSp-bfd5,0.7206803199878625,0.4305784000769556
462910,20240814,probe00,702,root,SSp-bfd4,0.3911861984041147,0.018144756637192172
462910,20240814,probe00,718,root,SSp-bfd4,0.5259799509767187,0.16994678995764134
462910,20240814,probe00,720,root,SSp-bfd4,0.42238544350529605,0.030270840226674367
462910,20240814,probe00,723,root,SSp-bfd4,0.26836648671764707,0.07711161104712272
462910,20240814,probe01,25,CA1,CA1,0.20880092556450147,0.28972577054973836
462910,20240814,probe01,26,CA1,CA1,0.11629859044048496,0.7396509133912923
462910,20240814,probe01,30,CA1,CA1,0.11102523752626547,0.635573481240359
462910,20240814,probe01,32,CA1,CA1,0.30371703454837695,0.04548094361117905
462910,20240814,probe01,44,CA1,CA1,0.7892617883062691,0.8483474482867301
462910,20240814,probe01,46,CA1,CA1,0.14920770395580862,0.20785526724812997
462910,20240814,probe01,47,CA1,CA1,0.13083731799853682,0.11610514902612468
462910,20240814,probe01,53,CA1,CA1,0.5801163636932597,0.700297156584696
462910,20240814,probe01,54,CA1,CA1,0.5157143030391895,0.5220618925428357
462910,20240814,probe01,57,CA1,CA1,0.19718340650935928,0.02160253889057684
462910,20240814,probe01,73,CA1,CA1,0.10720000069795876,0.3192447566471124
462910,20240814,probe01,80,CA1,CA1,0.24942075060383706,0.7193279837859743
462910,20240814,probe01,85,CA1,CA1,0.6338874281589513,0.06690467697378688
462910,20240814,probe01,89,CA1,CA1,0.7655552634578373,0.032781018342553425
462910,20240814,probe01,91,CA1,CA1,0.14081831882953155,0.6985571227116423
462910,20240814,probe01,93,CA1,CA1,0.21170217998151453,0.0970872754174752
462910,20240814,probe01,103,root,ccs,0.5949269412464953,0.25728057390577264
462910,20240814,probe01,105,root,ccs,0.7444191812080267,0.025769042913116325
462910,20240814,probe01,106,root,VISa6b,0.4689229952499345,0.024768408326393265
462910,20240814,probe01,108,root,scwm,0.6728353997084726,0.001564291670041018
462910,20240814,probe01,127,CA1,CA1,0.20224675020265492,0.4598462143640758
462910,20240814,probe01,137,CA1,CA1,0.7165683583122577,0.6389829164769854
462910,20240814,probe01,138,CA1,CA1,0.34663358563658897,0.018328602067496536
462910,20240814,probe01,140,CA1,CA1,0.4448455318071055,0.3552501033236365
462910,20240814,probe01,144,CA1,CA1,0.18410831279430417,0.3591970866084597
462910,20240814,probe01,147,CA1,CA1,0.4188769780209174,0.5033322060836246
462910,20240814,probe01,154,CA1,CA1,0.37340568070706615,0.049968297760805025
462910,20240814,probe01,159,CA1,CA1,0.9230286614039357,0.8770331790368968
462910,20240814,probe01,161,CA1,CA1,0.5120151276376037,0.11145452063246875
462910,20240814,probe01,163,CA1,CA1,0.22329815263378727,0.5772894454969439
462910,20240814,probe01,167,CA1,CA1,0.017065687702901844,0.711797764754589
462910,20240814,probe01,168,CA1,CA1,0.43989095177809745,0.1801196612172179
462910,20240814,probe01,170,CA1,CA1,0.6387125610316502,0.8400806766632131
462910,20240814,probe01,172,CA1,CA1,0.3971627114943551,0.5844067337619397
462910,20240814,probe01,179,CA1,CA1,0.29233191441190753,0.12345332919621466
462910,20240814,probe01,184,CA1,CA1,0.0970708900386994,0.3225995824493141
462910,20240814,probe01,191,CA1,CA1,0.4585594119880848,0.6593339359710744
462910,20240814,probe01,192,CA1,CA1,0.19467080634708767,0.10132716559276411
462910,20240814,probe01,193,CA1,CA1,0.44933434771078173,0.9528341964661019
462910,20240814,probe01,194,CA1,CA1,0.7596854126161251,0.906708499301494
462910,20240814,probe01,200,CA1,CA1,0.09382810240551032,0.5794770817383517
462910,20240814,probe01,209,CA1,CA1,0.3003976945328709,0.1857850328340377
462910,20240814,probe01,228,root,ccs,0.690867572880877,0.8563680352116874
462910,20240814,probe01,244,CA1,CA1,0.2648019395846509,0.13180524040301944
462910,20240814,probe01,252,CA1,CA1,0.35858854684193786,0.04305114725604753
462910,20240814,probe01,257,CA1,CA1,0.4024839465628952,0.7389971409606306
462910,20240814,probe01,261,CA1,CA1,0.7217957384758715,0.584257498136848
462910,20240814,probe01,267,CA1,CA1,0.08486485318379366,0.16622520932903184
462910,20240814,probe01,271,CA1,CA1,0.918465858404322,0.7592964869184093
462910,20240814,probe01,276,CA1,CA1,0.47815172052316235,0.010036889254902315
462910,20240814,probe01,286,CA1,CA1,0.6773379630753769,0.25373152330060744
462910,20240814,probe01,294,CA1,CA1,0.21240308563245547,0.7103614199686381
462910,20240814,probe01,296,CA1,CA1,0.9601491492523867,0.7131966258113811
462910,20240814,probe01,298,CA1,CA1,0.4284944935741576,0.4017564886424724
462910,20240814,probe01,301,CA1,CA1,0.36218743232469974,0.6006124837321368
462910,20240814,probe01,307,CA1,CA1,0.5509158246868415,0.958074874145562
462910,20240814,probe01,308,CA1,CA1,0.3434932732846476,0.47499078095646774
462910,20240814,probe01,309,CA1,CA1,0.5638424729297038,0.26302294810814164
462910,20240814,probe01,310,CA1,CA1,0.7543871436279371,0.26084313623954336
462910,20240814,probe01,311,CA1,CA1,0.6947856290171899,0.7602100884844682
462910,20240814,probe01,313,CA1,CA1,0.09612120587662376,0.1669897550682985
462910,20240814,probe01,314,CA1,CA1,0.22072074590685864,0.04281858668926963
462910,20240814,probe01,319,CA1,CA1,0.5151603855401021,0.6878507541635477
462910,20240814,probe01,321,CA1,CA1,0.3131664963177053,0.24317353307390732
462910,20240814,probe01,325,CA1,CA1,0.3243341925163836,0.2863602199131512
462910,20240814,probe01,328,CA1,CA1,0.44644224142855693,0.7303629024658986
462910,20240814,probe01,332,CA1,CA1,0.31044927422143065,0.93855769096362
462910,20240814,probe01,336,CA1,CA1,0.07669510442615957,0.16029994649061774
462910,20240814,probe01,338,CA1,CA1,0.0918782180556229,0.21075936709370946
462910,20240814,probe01,342,CA1,CA1,0.03163180663680798,0.013495914586123314
462910,20240814,probe01,378,CA1,CA1,0.18948309814547526,0.01902031410703675
462910,20240814,probe01,381,CA1,CA1,0.1540808217293469,0.46114475847330505
462910,20240814,probe01,382,CA1,CA1,0.659944222507753,0.052893069745183374
462910,20240814,probe01,391,CA1,CA1,0.8280114551639859,0.30507939406136886
462910,20240814,probe01,406,CA1,CA1,0.386223287660276,0.40144039175533563
462910,20240814,probe01,407,CA1,CA1,0.44060954992938595,0.09083701989480586
462910,20240814,probe01,421,CA1,CA1,0.27169410862846466,0.03452480248760448
462910,20240814,probe01,428,CA1,CA1,0.8251009752810695,0.6750666813069733
462910,20240814,probe01,432,CA1,CA1,0.15470526873304935,0.41721137438434863
462910,20240814,probe01,434,CA1,CA1,0.7191782931095618,0.17255938681761906
462910,20240814,probe01,438,CA1,CA1,0.5126646140125756,0.7000000005827791
462910,20240814,probe01,443,CA1,CA1,0.5649262049478179,0.13888418004820646
462910,20240814,probe01,457,CA1,CA1,0.7270332101309864,0.28033913289115264
462910,20240814,probe01,459,CA1,CA1,0.9486143472941831,0.08271577875870328
462910,20240814,probe01,462,CA1,CA1,0.04507774903716899,0.20765673069558954
462910,20240814,probe01,464,CA1,CA1,0.7220378254586028,0.34781249328439356
462910,20240814,probe01,465,CA1,CA1,0.22074615304509404,0.5570515996124652
462910,20240814,probe01,469,CA1,CA1,0.5778051787774967,0.49506229815039915
462910,20240814,probe01,471,CA1,CA1,0.6887649176994947,0.5104186306865197
462910,20240814,probe01,475,CA1,CA1,0.7731030593782615,0.6118523463087451
462910,20240814,probe01,477,CA1,CA1,0.34004502535500924,0.5289053044413552
462910,20240814,probe01,481,CA1,CA1,0.36498116734693953,0.4328064683203293
462910,20240814,probe01,507,root,ccs,0.2947739996955435,0.25649251441917686
462910,20240815,probe00,0,root,ProS,0.17074454401747052,0.4973946484240054
462910,20240815,probe00,1,root,ProS,0.34484608762595037,0.44006574944573884
462910,20240815,probe00,4,root,ProS,0.49337208895311657,0.5580645466588134
462910,20240815,probe00,5,root,ProS,,
462910,20240815,probe00,9,root,ProS,0.799601087246077,0.5761494908550281
462910,20240815,probe00,11,root,ProS,0.8796468381445027,0.3579364260106649
462910,20240815,probe00,12,root,ProS,0.09515017281708249,0.5995925825826012
462910,20240815,probe00,13,root,ProS,0.5272724043507137,0.5994061257428791
462910,20240815,probe00,15,root,ProS,0.9011011622117573,0.6227133434070773
462910,20240815,probe00,16,root,ProS,0.26156801176797695,0.3473586343360021
462910,20240815,probe00,17,root,ProS,0.4399925006034542,0.3702257301730516
462910,20240815,probe00,18,root,ProS,0.5014728532712571,0.2337838837902121
462910,20240815,probe00,19,root,ProS,0.16953827495122997,0.6417946353326668
462910,20240815,probe00,20,root,ProS,0.25937223243702257,0.5525127496182516
462910,20240815,probe00,25,root,ProS,0.5605354823018143,0.009715686983317484
462910,20240815,probe00,29,root,ProS,0.5967075206616341,0.6007199181913166
462910,20240815,probe00,30,root,ProS,0.1564577397155712,0.6968071857109894
462910,20240815,probe00,33,root,ProS,0.6581445193684793,0.19572521317378933
462910,20240815,probe00,34,root,ProS,0.6972265318548969,0.6036894884521314
462910,20240815,probe00,35,root,ProS,0.5675590010952755,0.5657329637183424
462910,20240815,probe00,38,root,ProS,0.6450138911067036,0.21152612015782624
462910,20240815,probe00,39,root,ProS,0.4157140063854595,0.44805611566032255
462910,20240815,probe00,40,root,ProS,0.7426501158595693,0.7561986918886988
462910,20240815,probe00,44,root,ProS,0.8517115509079494,0.8986481935744142
462910,20240815,probe00,47,root,ProS,0.4686681628969739,0.4434747333681287
462910,20240815,probe00,51,root,ProS,0.20261652896844828,0.43338414830918437
462910,20240815,probe00,52,root,ProS,0.7162418471818377,0.37733044319001174
462910,20240815,probe00,55,root,ProS,0.8433122775668417,0.6603718516474155
462910,20240815,probe00,58,root,ProS,0.19156717471520524,0.6816491315572093
462910,20240815,probe00,59,root,ProS,0.6708113417657988,0.4600018444536549
462910,20240815,probe00,62,root,ProS,0.34253850313894674,0.439490611115503
462910,20240815,probe00,64,root,ProS,0.2965419430876918,0.6337809942323147
462910,20240815,probe00,65,root,ProS,0.49072960117898257,0.7214614771451713
462910,20240815,probe00,68,root,ProS,0.7233500067271765,0.6362909720922347
462910,20240815,probe00,69,root,ProS,0.7028276029331322,0.5980736972299334
462910,20240815,probe00,70,root,ProS,0.7519674079135295,0.5060764372661664
462910,20240815,probe00,72,root,ProS,0.19330006394886168,0.6743236422443426
462910,20240815,probe00,73,root,ProS,0.18442797983224934,0.14474948833527546
462910,20240815,probe00,77,root,ProS,0.8770227930556674,0.514016758249616
462910,20240815,probe00,79,root,ProS,0.76366493970762,0.7809619514033284
462910,20240815,probe00,82,root,ProS,0.8884423031509872,0.5386195894657397
462910,20240815,probe00,85,root,ProS,0.26742407542280044,0.6853129277310641
462910,20240815,probe00,87,root,ProS,,
462910,20240815,probe00,88,root,ProS,0.8093933640979678,0.9010386510830967
462910,20240815,probe00,91,root,ProS,0.8523272535523853,0.46579778926666804
462910,20240815,probe00,93,root,ProS,0.9455401977623863,0.6704818557457919
462910,20240815,probe00,99,root,ProS,0.8677326109046165,0.6225072680995061
462910,20240815,probe00,100,root,ProS,0.7111028709212917,0.29676479848313064
462910,20240815,probe00,104,root,ProS,0.8247187770807954,0.6403841243940227
462910,20240815,probe00,105,root,ProS,0.5489429630127504,0.4520978328848463
462910,20240815,probe00,107,root,ProS,0.4818482419977287,0.7321541106142059
462910,20240815,probe00,108,root,ProS,0.8113923620448202,0.8070520003153646
462910,20240815,probe00,118,root,ProS,0.8056200425492892,0.4325231982633796
462910,20240815,probe00,119,root,ProS,0.2682039959388455,0.9176433125656143
462910,20240815,probe00,126,root,ProS,0.6809638498395758,
462910,20240815,probe00,127,root,ProS,0.9212098072723647,0.741631394371308
462910,20240815,probe00,128,root,ProS,0.8121734521776263,0.348860797560283
462910,20240815,probe00,129,root,ProS,0.87637559222074,0.45566872369856615
462910,20240815,probe00,133,root,ProS,0.11672406420924275,0.019533402344481532
462910,20240815,probe00,136,root,ProS,0.6214231807618452,0.5985257483890252
462910,20240815,probe00,138,root,ProS,0.7366954139301483,0.8793254143781395
462910,20240815,probe00,139,root,ProS,0.3380727354648456,0.20116289594971748
462910,20240815,probe00,140,root,ProS,0.6877367582621037,0.6704087597096395
462910,20240815,probe00,145,root,ProS,0.5137884130067394,0.4924067198889791
462910,20240815,probe00,150,root,ProS,0.9423677958736248,0.443671438964096
462910,20240815,probe00,151,root,ProS,0.5657871660748535,0.4618740131197445
462910,20240815,probe00,154,root,ProS,0.7648816871963598,0.7079617696922522
462910,20240815,probe00,156,root,ProS,0.3148897532849244,0.3892882940346931
462910,20240815,probe00,157,root,ProS,0.5037566649978307,0.5365648405566728
462910,20240815,probe00,159,root,ProS,0.21775755022364296,0.7598499303669682
462910,20240815,probe00,162,root,ProS,0.45068498024104664,0.3200120624110504
462910,20240815,probe00,163,root,ProS,0.8923247613317389,0.8119473235372188
462910,20240815,probe00,165,root,ProS,0.6425378339346351,0.3073058918581095
462910,20240815,probe00,167,root,ProS,0.7185673739324355,0.7549270504500023
462910,20240815,probe00,168,root,ProS,0.9101807973218972,0.5458950368794371
462910,20240815,probe00,173,root,ProS,0.7278858360142797,0.035539045853875795
462910,20240815,probe00,174,root,ProS,0.43396850260323494,0.10513829061694613
462910,20240815,probe00,175,root,ProS,0.30799457461478497,0.1873003835253113
462910,20240815,probe00,181,CA1,CA1,0.3334346411878849,0.6577844539832383
462910,20240815,probe00,182,CA1,CA1,0.19373785050614256,0.4545247246392685
462910,20240815,probe00,187,CA1,CA1,0.8985451772967468,0.1270803033018778
462910,20240815,probe00,190,CA1,CA1,0.7639849141042736,0.7439141583498098
462910,20240815,probe00,196,CA1,CA1,0.7012860012792446,0.5522738648490533
462910,20240815,probe00,204,CA1,CA1,0.33784344590671767,0.6278045116658231
462910,20240815,probe00,206,CA1,CA1,0.8962304858380753,0.2625260286816222
462910,20240815,probe00,209,CA1,CA1,0.5222330214387988,0.5075171901168289
462910,20240815,probe00,211,CA1,CA1,0.4772694095601916,0.5804847766560164
462910,20240815,probe00,224,CA1,CA1,0.3397769342515077,0.000966868679886157
462910,20240815,probe00,229,CA1,CA1,0.6046562767863266,0.4994618437498838
462910,20240815,probe00,230,CA1,CA1,0.40867087353541387,0.4635783401593332
462910,20240815,probe00,231,CA1,CA1,0.3791888848580527,0.8941638182319724
462910,20240815,probe00,232,CA1,CA1,0.9454921513400196,0.5716022563419135
462910,20240815,probe00,233,CA1,CA1,0.11338558247163122,0.4696169710669841
462910,20240815,probe00,234,CA1,CA1,0.30640838108510215,0.8156738501090737
462910,20240815,probe00,235,CA1,CA1,0.5212279189428088,0.10677850371842024
462910,20240815,probe00,237,CA1,CA1,0.3049199588436058,0.7208323865398971
462910,20240815,probe00,244,CA1,CA1,0.5691744638429757,0.6476750336099147
462910,20240815,probe00,245,CA1,CA1,0.938658369737017,0.39196500249241073
462910,20240815,probe00,247,CA1,CA1,0.7161347369519748,0.6387429973736003
462910,20240815,probe00,250,CA1,CA1,0.791025494029022,0.8632852146830301
462910,20240815,probe00,251,CA1,CA1,0.8462353710809165,0.15319647958670302
462910,20240815,probe00,256,CA1,CA1,0.7894193282065879,0.4171820541108914
462910,20240815,probe00,257,CA1,CA1,0.43395865276014145,0.15016171299633885
462910,20240815,probe00,258,CA1,CA1,,0.39057456302004767
462910,20240815,probe00,260,CA1,CA1,,0.12121822378919556
462910,20240815,probe00,261,CA1,CA1,0.6585495824117498,0.6403909136652395
462910,20240815,probe00,262,CA1,CA1,0.9428745666571736,0.0414413715927634
462910,20240815,probe00,264,CA1,CA1,0.5557284974208794,0.37263936043051726
462910,20240815,probe00,265,CA1,CA1,0.18492147227469702,0.00780694297807083
462910,20240815,probe00,268,CA1,CA1,0.7551955877140024,0.7031926971250644
462910,20240815,probe00,270,CA1,CA1,0.4339063880446593,0.3058165489676187
462910,20240815,probe00,271,CA1,CA1,0.5385095871935404,0.6143664476184527
462910,20240815,probe00,272,CA1,CA1,0.3595229586845726,0.7610775682930733
462910,20240815,probe00,274,CA1,CA1,0.41254105124261076,0.8984642230300148
462910,20240815,probe00,277,CA1,CA1,0.2027835026173005,0.37184726217807385
462910,20240815,probe00,281,CA1,CA1,0.6715337402514816,0.6650773163502142
462910,20240815,probe00,283,CA1,CA1,0.620437152034759,0.3324311365696183
462910,20240815,probe00,288,CA1,CA1,0.7113984299648795,0.7860625039918486
462910,20240815,probe00,293,CA1,CA1,0.7549246020169185,0.09752714951762553
462910,20240815,probe00,296,CA1,CA1,0.44971127248553433,0.29419860936144615
462910,20240815,probe00,299,CA1,CA1,0.5271569120505242,0.6587677075524341
462910,20240815,probe00,300,CA1,CA1,0.9844791914722864,0.6865048826479611
462910,20240815,probe00,302,CA1,CA1,0.18569798068420107,0.2195076687756211
462910,20240815,probe00,304,CA1,CA1,0.8559644452131834,0.20058185323680744
462910,20240815,probe00,308,CA1,CA1,0.45935369069075127,0.013458582288222165
462910,20240815,probe00,311,CA1,CA1,0.3251063101167758,0.7402832936878971
462910,20240815,probe00,314,CA1,CA1,0.2925984140863578,0.2875562732311995
462910,20240815,probe00,315,CA1,CA1,0.5199059197495701,0.17294154260966077
462910,20240815,probe00,318,CA1,CA1,0.4096891118699336,0.6337343286448816
462910,20240815,probe00,322,CA1,CA1,0.7271570177044888,0.5365725407829178
462910,20240815,probe00,323,CA1,CA1,0.5792721029457144,0.26635918130403524
462910,20240815,probe00,328,CA1,CA1,0.8012829472824066,0.08537279205035064
462910,20240815,probe00,329,CA1,CA1,0.13451383969596997,0.3542206387764144
462910,20240815,probe00,331,CA1,CA1,0.9413405091989638,
462910,20240815,probe00,337,CA1,CA1,0.48222942936706525,0.41549841590229164
462910,20240815,probe00,341,CA1,CA1,0.8381079660080315,0.5716556464057014
462910,20240815,probe00,344,CA1,CA1,0.7834548517066774,0.7089430161799806
462910,20240815,probe00,346,CA1,CA1,0.9644809376823674,0.8899893872681982
462910,20240815,probe00,348,CA1,CA1,0.915081765726782,0.5081822519618309
462910,20240815,probe00,351,CA1,CA1,0.7522233548129447,0.29471227267166344
462910,20240815,probe00,353,CA1,CA1,0.5721783599242062,0.09301841777081721
462910,20240815,probe00,355,CA1,CA1,,
462910,20240815,probe00,362,CA1,CA1,0.2140852026921657,0.7016419833089437
462910,20240815,probe00,365,CA1,CA1,0.33928525718114255,0.05103551476277146
462910,20240815,probe00,366,CA1,CA1,0.406583428240995,0.3049885896392057
462910,20240815,probe00,367,CA1,CA1,0.7014306868507908,0.5821645871123187
462910,20240815,probe00,373,CA1,CA1,0.8680935497548969,0.4844168849911744
462910,20240815,probe00,374,CA1,CA1,0.3625400312998841,0.3062036824033443
462910,20240815,probe00,378,CA1,CA1,0.22036153499104294,0.6085835105082156
462910,20240815,probe00,379,CA1,CA1,0.729735427203551,0.23367079941559288
462910,20240815,probe00,381,CA1,CA1,0.4333037983068514,0.707007385207761
462910,20240815,probe00,383,CA1,CA1,0.46666522813298816,0.5952117418462786
462910,20240815,probe00,386,CA1,CA1,0.3293543572926242,0.5397969118469357
462910,20240815,probe00,387,CA1,CA1,0.6171324103070042,0.44815099484175813
462910,20240815,probe00,390,CA1,CA1,0.5962907817904448,0.09538858215384749
462910,20240815,probe00,392,CA1,CA1,0.5590418871617755,0.12689571222872942
462910,20240815,probe00,393,CA1,CA1,0.787158318984936,0.4215310258962678
462910,20240815,probe00,395,CA1,CA1,0.8755810039893893,0.4809729711913894
462910,20240815,probe00,396,CA1,CA1,0.7319669882161569,0.3266729445136245
462910,20240815,probe00,399,CA1,CA1,0.09724451859951255,0.6796938386252884
462910,20240815,probe00,400,CA1,CA1,0.8022293912702351,0.2792330886040022
462910,20240815,probe00,401,CA1,CA1,0.7362200922401372,0.6754060524673582
462910,20240815,probe00,402,CA1,CA1,0.014360695170701598,0.13704451767280568
462910,20240815,probe00,406,CA1,CA1,0.5051031529781154,0.18763988386101793
462910,20240815,probe00,408,CA1,CA1,0.22361494865961562,0.647792768310776
462910,20240815,probe00,409,CA1,CA1,0.22829663244760257,0.5576756837915713
462910,20240815,probe00,410,CA1,CA1,0.691411967236154,0.5206389584308655
462910,20240815,probe00,411,CA1,CA1,0.8774044515201752,0.3556759680923459
462910,20240815,probe00,412,CA1,CA1,0.3295148823881343,0.41846181659181336
462910,20240815,probe00,413,CA1,CA1,0.6608910892663262,0.19790432974141658
462910,20240815,probe00,414,CA1,CA1,0.8481117229777575,0.15005964775996739
462910,20240815,probe00,417,CA1,CA1,0.8637446895368535,0.8173303675894665
462910,20240815,probe00,421,CA1,CA1,0.8587353834606258,0.2081078772425048
462910,20240815,probe00,423,CA1,CA1,0.8286556431694102,0.039631584262595276
462910,20240815,probe00,424,CA1,CA1,0.8690900038012703,0.6754754933565525
462910,20240815,probe00,426,CA1,CA1,,
462910,20240815,probe00,427,CA1,CA1,0.9172914897453064,0.0095799833163277
462910,20240815,probe00,432,CA1,CA1,0.020396804369658628,0.7465915872900069
462910,20240815,probe00,434,CA1,CA1,0.2205106769018108,0.7358703765806377
462910,20240815,probe00,436,CA1,CA1,0.8588022551656983,0.37485277771144354
462910,20240815,probe00,438,CA1,CA1,0.7344904024917844,0.2283418927293278
462910,20240815,probe00,440,CA1,CA1,0.7754721493076131,0.032302972907647054
462910,20240815,probe00,441,CA1,CA1,0.2009061068432756,0.9217562717940558
462910,20240815,probe00,442,CA1,CA1,0.6936459870387506,0.21859691981689944
462910,20240815,probe00,444,CA1,CA1,0.07083549736494332,0.3090144120369941
462910,20240815,probe00,445,CA1,CA1,0.951809839761534,0.2933082257223537
462910,20240815,probe00,446,CA1,CA1,0.3390997567989751,0.5916506152705103
462910,20240815,probe00,449,CA1,CA1,0.8260999522563413,0.350947993472136
462910,20240815,probe00,451,CA1,CA1,,0.6471005826765124
462910,20240815,probe00,453,CA1,CA1,0.3593377258970629,0.5071606681534471
462910,20240815,probe00,455,CA1,CA1,0.32664894943039635,0.5995744893634724
462910,20240815,probe00,456,CA1,CA1,0.8196793611702136,0.0889665254562515
462910,20240815,probe00,457,CA1,CA1,0.5925273541266668,0.0066094376778244035
462910,20240815,probe00,458,CA1,CA1,0.506507063194938,0.17067843823979978
462910,20240815,probe00,459,CA1,CA1,0.7845792355866898,0.7508933480672847
462910,20240815,probe00,462,CA1,CA1,0.41766647811087165,0.7685841958781419
462910,20240815,probe00,463,CA1,CA1,0.3871184349897062,0.27090271368872443
462910,20240815,probe00,464,CA1,CA1,0.2944560159474061,0.01590084635790512
462910,20240815,probe00,465,CA1,CA1,0.7719515366420049,0.5034907756303497
462910,20240815,probe00,466,CA1,CA1,0.5050276806234677,0.6445410354025762
462910,20240815,probe00,469,CA1,CA1,0.5846989388399526,0.30011406768718774
462910,20240815,probe00,472,CA1,CA1,0.7679024403790656,0.28301395291485154
462910,20240815,probe00,473,CA1,CA1,0.6963500644489389,0.022739346491912338
462910,20240815,probe00,474,CA1,CA1,0.4220114719085024,0.13134325024854576
462910,20240815,probe00,476,CA1,CA1,0.9657473095810576,0.03457904260588418
462910,20240815,probe00,477,CA1,CA1,0.7602070459483253,0.0747813293518853
462910,20240815,probe00,478,CA1,CA1,0.6755254508144775,0.712094132087647
462910,20240815,probe00,480,CA1,CA1,0.1934519228166678,0.6280715211465006
462910,20240815,probe00,481,CA1,CA1,0.2900271352996695,0.4398793932048186
462910,20240815,probe00,483,CA1,CA1,0.24152375949733662,0.2949849232654891
462910,20240815,probe00,485,CA1,CA1,0.42438015241793625,0.724167298388385
462910,20240815,probe00,486,CA1,CA1,0.17243276298231092,0.4103835861202576
462910,20240815,probe00,494,CA1,CA1,0.5686348745101713,0.9580764263805575
462910,20240815,probe00,495,CA1,CA1,0.5715670756787422,0.6160714393115501
462910,20240815,probe00,497,CA1,CA1,0.7654650282665248,0.9472863472250859
462910,20240815,probe00,499,CA1,CA1,0.5705306585708648,0.39672664057509954
462910,20240815,probe00,502,root,alv,,
462910,20240815,probe00,505,root,alv,,
462910,20240815,probe00,506,root,alv,0.2837004165267031,0.31070587758827506
462910,20240815,probe00,511,root,fp,,
462910,20240815,probe00,512,root,fp,0.9391095793935883,0.7092148963812491
462910,20240815,probe00,513,root,fp,0.7740894354074499,0.1464057908885894
462910,20240815,probe00,518,root,fp,,0.7824579600478954
462910,20240815,probe00,522,root,fp,0.7504189106199894,0.3953500304741473
462910,20240815,probe00,528,root,fp,0.8076865423366674,0.7255558113503883
462910,20240815,probe00,530,root,fp,0.7206138229154686,0.670105728499712
462910,20240815,probe00,532,root,fp,0.423435507255734,0.8073309121707115
462910,20240815,probe00,533,root,fp,0.713995891001143,0.2975533424392932
462910,20240815,probe00,534,root,fp,0.6950617581957053,0.3364090053610206
462910,20240815,probe00,536,root,fp,0.4913089254434746,0.27503049892678255
462910,20240815,probe00,537,root,or,0.3489260517266255,0.6935180293298022
462910,20240815,probe00,540,root,or,0.25480720510653676,0.1475741258361799
462910,20240815,probe00,541,root,or,0.6213479659626344,0.23331030455914425
462910,20240815,probe00,542,root,or,0.8126582156981639,0.6032570690179808
462910,20240815,probe00,545,root,or,0.34503690906076834,0.749010819840485
462910,20240815,probe00,546,root,or,0.5457810643963559,0.13825773733609792
462910,20240815,probe00,548,root,or,0.1319486021457471,0.059381690264254994
462910,20240815,probe00,550,VIS,VISl6b,0.6452788981666653,0.7660761452067424
462910,20240815,probe00,551,VIS,VISl6b,0.3773735226949838,0.6658661066484353
462910,20240815,probe00,557,VIS,VISl6b,0.41776713605833604,0.18027376961149122
462910,20240815,probe00,558,VIS,VISl6b,0.430190512644112,0.22804285498940813
462910,20240815,probe00,559,VIS,VISl6b,0.7811759085679211,0.4530877313059021
462910,20240815,probe00,560,VIS,VISl6b,0.6836655021536675,0.33352497070316445
462910,20240815,probe00,562,VIS,VISl6b,0.2119241785072009,0.7615930214525604
462910,20240815,probe00,563,VIS,VISl6b,0.8311300613975545,0.3809020982456207
462910,20240815,probe00,564,VIS,VISl6b,0.5165591398081347,0.4228648542859156
462910,20240815,probe00,565,VIS,VISl6b,0.7263950747446952,0.4490698030244188
462910,20240815,probe00,567,VIS,VISl6b,0.7034292251827885,0.8205015889337959
462910,20240815,probe00,568,VIS,VISl6b,0.6804350701410028,0.6890915042779899
462910,20240815,probe00,569,VIS,VISl6b,0.8658038677587089,0.76634927153587
462910,20240815,probe00,571,VIS,VISl6b,0.8869091320675977,0.541125946466623
462910,20240815,probe00,579,VIS,VISl6b,0.6350459780846915,0.8414582669740988
462910,20240815,probe00,580,VIS,VISl6b,0.9573453011933096,0.26427094350195446
462910,20240815,probe00,582,VIS,VISl6b,0.687019987316841,0.020543556856444378
462910,20240815,probe00,583,VIS,VISl6b,0.4995073272601117,0.002963734320251432
462910,20240815,probe00,584,VIS,VISl6b,0.7964596904729774,0.11614964672684724
462910,20240815,probe00,585,VIS,VISl6a,0.4243871205502533,0.21218888741077302
462910,20240815,probe00,587,VIS,VISl6a,0.19645107994033884,0.008162508790302225
462910,20240815,probe00,588,VIS,VISl6a,0.905414202057489,0.7298666891879582
462910,20240815,probe00,590,VIS,VISl6b,0.9003556042899948,0.8745233788732985
462910,20240815,probe00,593,VIS,VISl6b,0.801647451873059,0.2842080472466858
462910,20240815,probe00,597,VIS,VISl6b,0.9630943616176176,0.0535570282753568
462910,20240815,probe00,598,VIS,VISl6b,0.8727971775203328,0.27822514296240697
462910,20240815,probe00,601,VIS,VISl6b,0.6083063090283474,0.07894017627895988
462910,20240815,probe00,604,VIS,VISl6b,0.36203637856759985,0.6845087213303938
462910,20240815,probe00,608,VIS,VISl6b,0.5921158531467274,0.15314943722268393
462910,20240815,probe00,609,VIS,VISl6b,0.758353757522728,0.10690685629816543
462910,20240815,probe00,613,VIS,VISl6a,0.33501939450458107,0.0407420164523985
462910,20240815,probe00,614,VIS,VISl6a,0.9108249094535623,0.27820169009835694
462910,20240815,probe00,616,VIS,VISl6a,0.2103249055317976,0.2570900765714754
462910,20240815,probe00,627,VIS,VISl6a,0.7196144122374992,
462910,20240815,probe00,628,VIS,VISl6a,0.7422163540592176,0.6288031869766142
462910,20240815,probe00,631,VIS,VISl6a,0.8162915762021657,0.23603264765267729
462910,20240815,probe00,632,VIS,VISl6a,0.4480303022354455,0.7226611493956503
462910,20240815,probe00,634,VIS,VISl6a,0.8813212904497449,0.7879398283926946
462910,20240815,probe00,635,VIS,VISl6a,0.6689182454192382,0.12700466531373034
462910,20240815,probe00,636,VIS,VISl6a,0.2571402122474983,0.9078132316355122
462910,20240815,probe00,638,VIS,VISl6a,0.785591582896069,0.3096019045230838
462910,20240815,probe00,640,VIS,VISl6a,0.8044499115039185,0.013588344447040046
462910,20240815,probe00,641,VIS,VISl6a,0.5182641054259453,0.014242540149986715
462910,20240815,probe00,643,VIS,VISl6a,0.26147772921770707,0.8355353373830173
462910,20240815,probe00,644,VIS,VISl6a,0.29990152647498314,0.9028267240875081
462910,20240815,probe00,646,VIS,VISl6a,0.7782396106907629,0.736806687700055
462910,20240815,probe00,648,VIS,VISl6a,0.13122126739940698,0.49409774758185077
462910,20240815,probe00,651,VIS,VISl6a,,
462910,20240815,probe00,656,VIS,VISl6a,0.25668344670102805,0.1989945584049675
462910,20240815,probe00,657,VIS,VISl6a,0.36715631996531406,0.19449123774948784
462910,20240815,probe00,662,VIS,VISl6a,,0.8112042051986965
462910,20240815,probe00,663,VIS,VISl6a,0.6545431524917207,0.2919630999040479
462910,20240815,probe00,664,VIS,VISl6a,0.9295592915180438,0.33376291957938986
462910,20240815,probe00,667,VIS,VISl6a,0.012453471700060614,0.007481431897390034
462910,20240815,probe00,670,VIS,VISl6a,0.7012200370890171,0.7722906881959399
462910,20240815,probe00,672,VIS,VISl6a,0.8218821530588839,0.024569378497490968
462910,20240815,probe00,674,VIS,VISl6a,0.5751176179489204,0.17948720620756653
462910,20240815,probe00,678,VIS,VISl6a,0.5837696840608706,0.1233015541335305
462910,20240815,probe00,681,VIS,VISl6a,0.7126601419458694,0.6711773935488876
462910,20240815,probe00,683,VIS,VISl6a,0.8335680436953751,0.10602287590225856
462910,20240815,probe00,686,VIS,VISl6a,0.47721496212255665,0.3958816825139466
462910,20240815,probe00,689,VIS,VISl6a,0.17188700793844436,0.2182438981798447
462910,20240815,probe00,694,VIS,VISl6a,0.748732330642148,
462910,20240815,probe00,696,VIS,VISl6a,0.5495078706529106,0.6765333359201497
462910,20240815,probe00,698,VIS,VISl6a,0.8340322463901361,0.45354406774649914
462910,20240815,probe00,700,VIS,VISl6a,0.36822508678805044,0.09325600063643047
462910,20240815,probe00,703,VIS,VISl6a,0.1540611327454755,0.09696155650139449
462910,20240815,probe00,705,VIS,VISl6a,0.25466012268705895,0.8122212025737681
462910,20240815,probe00,708,VIS,VISl6a,0.8213009991245207,0.7479445745319466
462910,20240815,probe00,711,VIS,VISl6a,0.3277593487251925,0.5988485119295357
462910,20240815,probe00,713,VIS,VISl6a,0.26155763391872877,0.09246653632014346
462910,20240815,probe00,716,VIS,VISl6a,0.357827054178675,0.1507130824769657
462910,20240815,probe00,717,VIS,VISl6a,0.6380346212304304,0.7492135508202993
462910,20240815,probe00,719,VIS,VISl5,0.9366094245989438,0.2915392752827324
462910,20240815,probe00,722,VIS,VISl6a,0.507569867694992,0.3091473836915669
462910,20240815,probe00,724,VIS,VISl5,0.09739042284473265,0.3742656478950096
462910,20240815,probe00,726,VIS,VISl6a,0.8855694134809762,0.6351359095037997
462910,20240815,probe00,729,VIS,VISl6a,0.48114074908646476,0.38051405321104603
462910,20240815,probe00,730,VIS,VISl6a,0.7781593037071242,0.7525864652423709
462910,20240815,probe00,731,VIS,VISl6a,0.724727162904123,0.4539218642195838
462910,20240815,probe00,733,VIS,VISl5,0.6514968293787788,0.4855511742165849
462910,20240815,probe00,734,VIS,VISl5,0.4666597969371632,0.6416975549169144
462910,20240815,probe00,735,VIS,VISl6a,0.6438251767076582,0.44462192664678113
462910,20240815,probe00,738,VIS,VISl6a,0.16592898774164788,0.5098459073512681
462910,20240815,probe00,739,VIS,VISl5,0.1611020640436177,0.8139813585748007
462910,20240815,probe00,741,VIS,VISl5,0.7928701038251764,0.47858260114899753
462910,20240815,probe00,742,VIS,VISl6a,0.6557710293021026,0.49605294599760386
462910,20240815,probe00,744,VIS,VISl5,0.14209459024025883,0.6055414401277839
462910,20240815,probe00,745,VIS,VISl5,0.9323529168994467,0.5010026366948759
462910,20240815,probe00,746,VIS,VISl5,0.9543760352637141,0.34984159375260626
462910,20240815,probe00,747,VIS,VISl5,0.3743329611651939,0.28778858018931874
462910,20240815,probe00,748,VIS,VISl5,0.6252241892589262,0.517728615176243
462910,20240815,probe00,749,VIS,VISl5,0.5911287161806092,0.6833158454638988
462910,20240815,probe00,751,VIS,VISl5,0.4689948519262821,0.7047665121929272
462910,20240815,probe00,753,VIS,VISl5,0.5246219257982991,0.3711194556047285
462910,20240815,probe00,754,VIS,VISl5,0.8234836199338293,0.14188641230239984
462910,20240815,probe00,755,VIS,VISl5,0.8688688167263252,0.6687680325558175
462910,20240815,probe00,756,VIS,VISl5,0.7454042204898382,0.1968824677350438
462910,20240815,probe00,757,VIS,VISl5,0.6023231054321655,0.23053263801761825
462910,20240815,probe00,759,VIS,VISl5,0.15096229158216468,0.24069704435353834
462910,20240815,probe00,762,VIS,VISl5,0.024952094084530807,0.3558547682488358
462910,20240815,probe00,763,VIS,VISl5,0.9590504161428686,0.13112125643074368
462910,20240815,probe00,765,VIS,VISl5,0.08320234095641399,0.8120834498896622
462910,20240815,probe00,767,VIS,VISl5,0.7196669589418601,0.4064388942675098
462910,20240815,probe00,769,VIS,VISl5,0.8569280955551617,0.3928126138882475
462910,20240815,probe00,773,VIS,VISl5,0.5170411587418766,0.7586405918579053
462910,20240815,probe00,774,VIS,VISl5,0.3879869390351719,0.5221119841369921
462910,20240815,probe00,778,VIS,VISl5,0.9022464083910486,0.05422163478744768
462910,20240815,probe00,781,VIS,VISl5,0.7982293496704655,0.43078066300497475
462910,20240815,probe00,783,VIS,VISl5,0.6131318841031257,0.22785778836010506
462910,20240815,probe00,784,VIS,VISl5,0.5016663952924567,0.3096311798367303
462910,20240815,probe00,785,VIS,VISl5,0.1919401146875721,0.5368340995098203
462910,20240815,probe00,786,VIS,VISl5,0.37343171104394557,0.4453018330418833
462910,20240815,probe00,787,VIS,VISl5,0.37749385485374376,0.5558248245905077
462910,20240815,probe00,788,VIS,VISl5,0.3981912317454199,0.24332660914940363
462910,20240815,probe00,790,VIS,VISl5,0.3364877990432902,0.3527785764646437
462910,20240815,probe00,791,VIS,VISl5,0.6401161970999493,0.06144100270583641
462910,20240815,probe00,792,VIS,VISl5,0.7085180393513542,0.46647336940146844
462910,20240815,probe00,796,VIS,VISl5,0.8775468602427204,0.12337845519762203
462910,20240815,probe00,797,VIS,VISl5,0.5416671544208134,0.1516913425296933
462910,20240815,probe00,799,VIS,VISl5,0.7723631150155363,0.045089768073495406
462910,20240815,probe00,802,VIS,VISl5,0.9122751551063308,0.07914023884559696
462910,20240815,probe00,803,VIS,VISl5,0.6063162086830534,0.4559835103873976
462910,20240815,probe00,804,VIS,VISl5,0.3041480693187849,0.17639454458251613
462910,20240815,probe00,805,VIS,VISl5,0.8180551084960893,0.18810407215249958
462910,20240815,probe00,806,VIS,VISl5,0.06728220515303895,0.03084569533681436
462910,20240815,probe00,809,VIS,VISl5,0.25252146707612977,0.34006671416130707
462910,20240815,probe00,811,VIS,VISl5,0.2924838427330434,0.5266506522706023
462910,20240815,probe00,813,VIS,VISl5,0.4938984687102136,0.23506290781672423
462910,20240815,probe00,814,VIS,VISl5,0.6497699221824774,0.37336466973646276
462910,20240815,probe00,815,VIS,VISl5,0.4163499360225903,0.39378905122216934
462910,20240815,probe00,816,VIS,VISl5,0.5629246899713793,0.3543901165062874
462910,20240815,probe00,817,VIS,VISl5,0.9184039125299805,0.19606733558406786
462910,20240815,probe00,819,VIS,VISl5,0.5725883126725377,0.6020170097404204
462910,20240815,probe00,821,VIS,VISl5,0.28792675520303257,0.8835075146055842
462910,20240815,probe00,827,VIS,VISl5,0.4951999704388992,0.46068309055829204
462910,20240815,probe00,829,VIS,VISl5,0.578976392381317,0.36411261795646077
462910,20240815,probe00,831,VIS,VISl5,0.912622245615321,0.7500608331538188
462910,20240815,probe00,832,VIS,VISl5,0.8361657419025879,0.22421842323178998
462910,20240815,probe00,833,VIS,VISl5,0.9325800781967872,0.4734755303279927
462910,20240815,probe00,834,VIS,VISl5,0.5870407327982796,0.21031624124578918
462910,20240815,probe00,836,VIS,VISl5,0.7677016992516473,0.3021297194723399
462910,20240815,probe00,837,VIS,VISl5,0.9737988541823016,0.5811811797346225
462910,20240815,probe00,838,VIS,VISl5,0.8586095702162944,0.4978305907156625
462910,20240815,probe00,839,VIS,VISl5,0.3933230842860962,0.5672301102471417
462910,20240815,probe00,840,VIS,VISl5,0.8762852282171996,0.270680416560229
462910,20240815,probe00,842,VIS,VISl5,0.35530651709016026,0.5316897281196646
462910,20240815,probe00,844,VIS,VISl5,0.6640696528857686,0.4379432844248943
462910,20240815,probe00,846,VIS,VISl5,0.20079951499120885,0.7245997868316739
462910,20240815,probe00,847,VIS,VISl5,0.3971044021980038,0.7975114014567394
462910,20240815,probe00,848,VIS,VISl5,0.8584081221096915,0.11674383914483799
462910,20240815,probe00,849,VIS,VISl5,0.8154958694267836,0.42357105311505916
462910,20240815,probe00,850,VIS,VISl5,0.6053290537365814,0.3210033924236091
462910,20240815,probe00,853,VIS,VISl5,0.8270550707220032,0.3328703451351167
462910,20240815,probe00,856,VIS,VISl5,0.2667963056219457,0.14739428806485244
462910,20240815,probe00,857,VIS,VISl5,0.24062029318744493,0.06950905731200374
462910,20240815,probe00,858,VIS,VISl5,0.781732277345773,0.6661025405854947
462910,20240815,probe00,865,VIS,VISl4,0.10626966399308824,0.12300261005311597
462910,20240815,probe00,871,VIS,VISal4,0.18650274280569734,0.6675530769422198
462910,20240815,probe00,872,VIS,VISl4,0.721657056567399,0.6266574218606362
462910,20240815,probe00,874,VIS,VISal4,0.14649406308449564,0.29164628281144256
462910,20240815,probe00,876,VIS,VISal4,0.23933395360037757,0.09781149992714577
462910,20240815,probe00,881,VIS,VISal4,0.5935276923854886,0.638065571024903
462910,20240815,probe00,887,VIS,VISal4,0.7126130054888682,0.2704692296301612
462910,20240815,probe00,902,VIS,VISp2/3,0.48140302867217455,0.7339678427989376
462910,20240815,probe00,906,VIS,VISp2/3,0.6575390637510896,0.22859164886394134
462910,20240815,probe00,913,VIS,VISp2/3,0.31462143334086623,0.6583050976851745
462910,20240815,probe00,919,VIS,VISp2/3,0.5848425162608832,0.8581037894897445
462910,20240815,probe00,926,VIS,VISp2/3,0.4538253599459966,0.5914078068715691
462910,20240815,probe00,935,VIS,VISp2/3,0.2435064603076439,0.39236233874812887
462910,20240815,probe00,944,VIS,VISp2/3,0.24168503823139476,0.4201315777767698
462910,20240815,probe00,951,VIS,VISp1,0.49107341719850184,0.42144990965375295
462910,20240815,probe00,952,VIS,VISp1,0.5163625473977018,0.4078596876081041
462910,20240815,probe00,953,VIS,VISp1,0.5122722506088109,0.3703129781660306
462910,20240815,probe00,955,VIS,VISp1,0.3622216735033603,0.4530508335376573
462910,20240815,probe00,956,VIS,VISp1,0.73098722858929,0.3529579011712912
462910,20240815,probe01,0,root,DG-mo,0.7953797263308473,0.1894042476975457
462910,20240815,probe01,1,root,DG-mo,0.7273767517631022,0.3796901714359766
462910,20240815,probe01,2,root,DG-mo,0.6513758099878779,0.3225472728072223
462910,20240815,probe01,6,root,DG-mo,0.8115700563844551,0.7366465888774905
462910,20240815,probe01,7,root,DG-mo,0.4988760744336814,0.11051692361643806
462910,20240815,probe01,10,root,DG-mo,0.8719711542266805,0.5724831447925719
462910,20240815,probe01,14,root,DG-mo,0.4923255275172894,0.43094961346419924
462910,20240815,probe01,15,root,DG-mo,0.24024315757378545,0.42009600598159424
462910,20240815,probe01,16,root,DG-mo,0.7636899227434474,0.9572682473154418
462910,20240815,probe01,17,root,DG-mo,0.2942594164095168,0.3096445286146243
462910,20240815,probe01,21,root,DG-mo,0.5249496046013264,0.1323795718447155
462910,20240815,probe01,22,root,DG-mo,0.275861626881282,0.5320165767145342
462910,20240815,probe01,43,CA1,CA1,0.5764043755833477,0.8635641620592234
462910,20240815,probe01,45,CA1,CA1,0.9560370877578819,0.5885905609615554
462910,20240815,probe01,50,CA1,CA1,0.7952181453870398,0.5637517210516318
462910,20240815,probe01,51,CA1,CA1,0.3365420853704013,0.12754437553087772
462910,20240815,probe01,55,CA1,CA1,0.7410027942635726,0.05831759570824269
462910,20240815,probe01,81,root,alv,0.716520847698506,0.9243846591620573
462910,20240815,probe01,98,CA1,CA1,0.6242041083834442,0.6174359425283937
462910,20240815,probe01,111,CA1,CA1,,0.42756467555795663
462910,20240815,probe01,113,CA1,CA1,0.8425479017663221,0.2940249713729918
462910,20240815,probe01,114,CA1,CA1,0.2676726670892806,0.8918181096770739
462910,20240815,probe01,124,CA1,CA1,0.6796222301369824,0.5114049190629171
462910,20240815,probe01,131,CA1,CA1,0.9087584606221406,0.4173074509785405
462910,20240815,probe01,132,CA1,CA1,0.7183074048150435,0.7127673148533293
462910,20240815,probe01,166,CA1,CA1,0.7065424917355767,0.9128915268014979
462910,20240815,probe01,185,CA1,CA1,0.0631007927587729,0.14538666672444067
462910,20240815,probe01,193,CA1,CA1,0.8961429789500805,0.08072709134136646
462910,20240815,probe01,194,CA1,CA1,0.35154384026070185,0.6063510635143374
462910,20240815,probe01,197,CA1,CA1,0.653074277694796,0.3776930461963913
462910,20240815,probe01,198,CA1,CA1,0.3260963982948746,0.27180977692973995
462910,20240815,probe01,202,CA1,CA1,0.702997267226905,0.1385469229730214
462910,20240815,probe01,205,CA1,CA1,0.7596370656398301,0.7768573585655678
462910,20240815,probe01,206,CA1,CA1,0.8332408400636,0.6873593432260396
462910,20240815,probe01,214,CA1,CA1,0.7264089869360979,0.12838942376728857
462910,20240815,probe01,263,CA1,CA1,0.7286747794347039,0.7295044157901194
462910,20240815,probe01,280,CA1,CA1,0.21640845785195972,0.05598136206656035
462910,20240815,probe01,282,CA1,CA1,0.7231948618115908,0.19904574753059934
462910,20240815,probe01,287,CA1,CA1,0.774573683073615,0.28099126738373237
462910,20240815,probe01,290,CA1,CA1,0.5310764538350563,0.8915929023471063
462910,20240815,probe01,294,CA1,CA1,0.6237568554202402,0.6361040334506747
462910,20240815,probe01,295,CA1,CA1,0.888049955120125,0.24083360412382016
462910,20240815,probe01,303,CA1,CA1,0.25154555305516413,0.5649487398952502
462910,20240815,probe01,309,CA1,CA1,0.7886509980027613,0.2222747282221772
462910,20240815,probe01,312,CA1,CA1,0.6663681824197975,0.12134695855266175
462911,20240809,probe00,11,LEC,ENTl3,0.8152088374299227,0.6616196016449675
462911,20240809,probe00,13,LEC,ENTl3,0.1873451425808026,0.06916701119934454
462911,20240809,probe00,23,PERI,PERI2/3,0.19027561959669204,0.23811233421445155
462911,20240809,probe00,28,PERI,PERI2/3,0.8781696838823251,0.32252193214918834
462911,20240809,probe00,31,PERI,PERI2/3,0.7796432323770894,0.6962793928806357
462911,20240809,probe00,33,PERI,PERI2/3,0.20855187779623274,0.6601094354094459
462911,20240809,probe00,34,PERI,PERI2/3,0.549664446497965,0.7482138104298526
462911,20240809,probe00,36,PERI,PERI2/3,0.8769952538230611,0.93133551450418
462911,20240809,probe00,40,PERI,PERI2/3,0.22300949693701866,0.7795320630284616
462911,20240809,probe00,41,PERI,PERI2/3,0.5981925721841743,0.5346593925748013
462911,20240809,probe00,44,PERI,PERI5,0.7755239975849199,0.16475521085680522
462911,20240809,probe00,47,PERI,PERI5,0.7913897906637248,0.7453837694184902
462911,20240809,probe00,48,PERI,PERI5,0.4646244112199479,0.2653586798297225
462911,20240809,probe00,53,PERI,PERI5,0.08060225680889466,0.07481887361046347
462911,20240809,probe00,54,PERI,PERI5,0.6754400230330038,0.2158920681904588
462911,20240809,probe00,55,PERI,PERI5,0.3093527508875983,0.6057500472209262
462911,20240809,probe00,56,PERI,PERI5,0.856370250992261,0.836744278676903
462911,20240809,probe00,58,PERI,PERI5,0.5549775810672593,0.0875309954226704
462911,20240809,probe00,59,PERI,PERI5,0.22170319706096686,0.6415267695526715
462911,20240809,probe00,60,PERI,PERI5,0.19764770259948483,0.9298444198590858
462911,20240809,probe00,63,PERI,ECT5,0.958457938376674,0.9916978423600346
462911,20240809,probe00,65,PERI,ECT5,0.3533886886935047,0.327198941161405
462911,20240809,probe00,66,PERI,ECT5,0.4143127613617458,0.5367921525440038
462911,20240809,probe00,67,PERI,ECT5,0.4095621428260736,0.6435151063122739
462911,20240809,probe00,69,PERI,ECT5,0.3266814294761634,0.512790436104267
462911,20240809,probe00,71,PERI,ECT5,0.30137823241300177,0.8587804338823454
462911,20240809,probe00,74,PERI,ECT5,0.6473824197812493,0.5102738798597392
462911,20240809,probe00,75,PERI,ECT5,0.20134383763427965,0.4877128302481478
462911,20240809,probe00,77,PERI,ECT5,0.6820785856528645,0.4401608232493076
462911,20240809,probe00,78,PERI,ECT5,0.7040448474121708,0.8262566676465984
462911,20240809,probe00,80,PERI,ECT5,0.27075764711334893,0.4150877069954413
462911,20240809,probe00,81,PERI,ECT5,0.4242228456984921,0.047076531649992925
462911,20240809,probe00,82,PERI,ECT5,0.6607558499911483,0.8004525967814988
462911,20240809,probe00,83,PERI,ECT5,0.08095697059621199,0.5055516914357311
462911,20240809,probe00,84,PERI,ECT5,0.16585981993436516,0.5620253733807496
462911,20240809,probe00,85,PERI,ECT5,0.34474503198501383,0.3879118711846825
462911,20240809,probe00,87,PERI,ECT5,0.5752511027356126,0.9064064898656232
462911,20240809,probe00,90,PERI,ECT5,0.896165773802929,0.7697063587752189
462911,20240809,probe00,91,PERI,ECT5,0.4632542425472981,0.9499198239436012
462911,20240809,probe00,93,PERI,ECT5,0.303793676697957,0.8678059405367912
462911,20240809,probe00,94,PERI,ECT5,0.5738926793529886,0.26987018432436105
462911,20240809,probe00,96,PERI,ECT5,0.4604040690309106,0.5173903502362303
462911,20240809,probe00,102,PERI,ECT5,0.02477166783157947,0.17297303822677934
462911,20240809,probe00,103,PERI,ECT5,0.1678502956989052,0.2566328337642707
462911,20240809,probe00,105,PERI,ECT5,0.4611780544591284,0.9456533098016037
462911,20240809,probe00,107,PERI,ECT5,0.7756222183590746,0.6517856264454369
462911,20240809,probe00,108,PERI,ECT5,0.6960365794687269,0.9004334992359766
462911,20240809,probe00,111,PERI,ECT5,0.8816784684081624,0.8627636422595821
462911,20240809,probe00,113,PERI,ECT5,0.25300676858548043,0.38443574885840925
462911,20240809,probe00,114,PERI,ECT5,0.3335133766463837,0.8926592686727182
462911,20240809,probe00,116,PERI,ECT6a,0.7661865862965983,0.5280673220638261
462911,20240809,probe00,118,PERI,ECT6a,0.8475154943500658,0.8426096255866875
462911,20240809,probe00,119,PERI,ECT6a,0.07300767612696979,0.8588876067637831
462911,20240809,probe00,123,PERI,ECT6a,0.21398674083762015,0.18496448686244016
462911,20240809,probe00,124,PERI,ECT6a,0.5739454992453201,0.8459955066000371
462911,20240809,probe00,126,PERI,ECT6a,0.12593578832135843,0.9124812031813175
462911,20240809,probe00,127,PERI,ECT6a,0.34596373505857214,0.16971146030603312
462911,20240809,probe00,131,PERI,ECT6a,0.16553670653923136,0.43189091216273934
462911,20240809,probe00,133,PERI,ECT6a,0.3333248864904085,0.4525761296304265
462911,20240809,probe00,134,PERI,ECT6a,0.6752821543149579,0.4168075058986507
462911,20240809,probe00,135,PERI,ECT6a,0.30668109379472097,0.8675367071633464
462911,20240809,probe00,136,PERI,ECT6a,0.6950458070948422,0.1947663253038029
462911,20240809,probe00,137,PERI,ECT6a,0.6844745738684926,0.7948080407108644
462911,20240809,probe00,138,PERI,ECT6a,0.588670354472091,0.6579527114978648
462911,20240809,probe00,140,PERI,ECT6a,0.8057927291304016,0.2179103741771221
462911,20240809,probe00,141,PERI,ECT6a,0.8085145647412242,0.8869711328681826
462911,20240809,probe00,142,PERI,ECT6a,0.41170013735745337,0.949614288290412
462911,20240809,probe00,145,PERI,ECT6a,0.2555237842501139,0.7844492803277188
462911,20240809,probe00,146,PERI,ECT6a,0.13022028203744873,0.34638782348954333
462911,20240809,probe00,147,PERI,ECT6a,0.8271980701883508,0.5043662357325027
462911,20240809,probe00,148,PERI,ECT6a,0.9241320615597732,0.6706428827262609
462911,20240809,probe00,149,PERI,ECT6a,0.6954097717100057,0.860363369434357
462911,20240809,probe00,150,PERI,ECT6a,0.7833992003123587,0.8376559992020965
462911,20240809,probe00,151,PERI,ECT6a,0.4914116645828316,0.7414624024863699
462911,20240809,probe00,152,PERI,ECT6a,0.14311585179709385,0.13815589778694137
462911,20240809,probe00,153,PERI,ECT6a,0.24610898504793544,0.9392765912041164
462911,20240809,probe00,155,PERI,ECT6a,0.6670222678328726,0.34824286007836014
462911,20240809,probe00,158,TEa,TEa6a,0.932477383153507,0.8370941710359978
462911,20240809,probe00,159,TEa,TEa6a,0.9364908316256826,0.8329581200165956
462911,20240809,probe00,160,TEa,TEa6a,0.16526789694697708,0.16850502757802677
462911,20240809,probe00,163,TEa,TEa6a,0.8762685734567959,0.6708747346136517
462911,20240809,probe00,166,TEa,TEa6a,0.3571547416410229,0.6880178641491532
462911,20240809,probe00,169,TEa,TEa6a,0.8569104441620413,0.9131517775320994
462911,20240809,probe00,171,TEa,TEa6a,0.8823138815064134,0.8297759399519345
462911,20240809,probe00,174,TEa,TEa6a,0.42535258184786395,0.22909877245719223
462911,20240809,probe00,176,TEa,TEa6a,0.3234070952974971,0.6905925335519665
462911,20240809,probe00,177,TEa,TEa6a,0.4660567804544711,0.5467232678734657
462911,20240809,probe00,179,TEa,TEa6a,0.9336261851011448,0.603576610920659
462911,20240809,probe00,182,TEa,TEa6a,0.7735856176083266,0.7853748065772852
462911,20240809,probe00,183,TEa,TEa6a,0.41145972544772136,0.9816059805727304
462911,20240809,probe00,189,TEa,TEa6a,0.4459394164014522,0.8710390701030478
462911,20240809,probe00,192,TEa,TEa6a,0.629517274809471,0.06624162239949483
462911,20240809,probe00,193,TEa,TEa6a,0.1377701250106348,0.7277681317699501
462911,20240809,probe00,195,TEa,TEa6a,0.7188197398805819,0.4994371936983324
462911,20240809,probe00,196,TEa,TEa6a,0.6080624130421316,0.42171134561891976
462911,20240809,probe00,198,TEa,TEa6a,0.05108770678969232,0.6811996057932093
462911,20240809,probe00,199,TEa,TEa6a,0.8383168610576308,0.5707483632111443
462911,20240809,probe00,202,TEa,TEa6a,0.29133968183801495,0.13033334753265136
462911,20240809,probe00,209,TEa,TEa6a,0.4333040680155287,0.8306595388715451
462911,20240809,probe00,210,TEa,TEa6a,0.3258494173816554,0.7032227091241201
462911,20240809,probe00,212,TEa,TEa6a,0.771860443463047,0.08277132866874681
462911,20240809,probe00,218,TEa,TEa6a,0.8683624769563253,0.9864047257050608
462911,20240809,probe00,220,TEa,TEa6a,0.7392429382853007,0.8674556614893598
462911,20240809,probe00,224,TEa,TEa6a,0.796680853782927,0.9621742907571467
462911,20240809,probe00,231,TEa,TEa6a,0.7624691898555931,0.768998040688065
462911,20240809,probe00,234,TEa,TEa6a,0.6776528499656631,0.5494358700109532
462911,20240809,probe00,235,TEa,TEa6a,0.29946425204319393,0.3028581383729422
462911,20240809,probe00,240,TEa,TEa6a,0.2843671850438497,0.5453585627469991
462911,20240809,probe00,242,TEa,TEa6a,0.618313912653829,0.8549853976674996
462911,20240809,probe00,244,AUD,AUDv6a,0.38909148341253597,0.48949722352520875
462911,20240809,probe00,245,TEa,TEa6a,0.722955046742854,0.2293271892452201
462911,20240809,probe00,247,TEa,TEa6a,0.5394654269369389,0.9722982970336165
462911,20240809,probe00,249,AUD,AUDv6a,0.7693613906315235,0.9560479182065996
462911,20240809,probe00,250,AUD,AUDv6a,0.485272065174871,0.45985331237303195
462911,20240809,probe00,251,AUD,AUDv6a,0.5765286997250947,0.4569248819500422
462911,20240809,probe00,252,AUD,AUDv6a,0.2025198676122547,0.7402713104505472
462911,20240809,probe00,254,AUD,AUDv6a,0.6428348312252218,0.5053161994537706
462911,20240809,probe00,256,AUD,AUDv6a,0.9401192840182807,0.7868778113612217
462911,20240809,probe00,259,AUD,AUDv6b,0.6913914193407513,0.3723802121345512
462911,20240809,probe00,260,AUD,AUDv6b,0.33239484829214305,0.16487771825529685
462911,20240809,probe00,263,AUD,AUDv6b,0.8932777466067205,0.8173887589909503
462911,20240809,probe00,264,AUD,AUDv6b,0.7920153063220925,0.09809393653322818
462911,20240809,probe00,265,AUD,AUDv6b,0.9044499535071009,0.677446301060979
462911,20240809,probe00,267,AUD,AUDv6a,0.44607390731628316,0.7142765142584161
462911,20240809,probe00,269,AUD,AUDv6a,0.6111298639242271,0.607667596403318
462911,20240809,probe00,270,AUD,AUDv6a,0.5898513207640139,0.893039263934401
462911,20240809,probe00,274,AUD,AUDv6a,0.6044104873332664,0.46555793435950377
462911,20240809,probe00,275,AUD,AUDv6a,0.7326229304437011,0.46512978029705443
462911,20240809,probe00,277,AUD,AUDv6a,0.3477838232982108,0.9363416291369024
462911,20240809,probe00,280,AUD,AUDv6a,0.8420754448521607,0.8550096737282524
462911,20240809,probe00,283,AUD,AUDv6a,0.36294091315119836,0.8480054633550917
462911,20240809,probe00,285,AUD,AUDv6a,0.9165317851623803,0.8791221049262162
462911,20240809,probe00,286,AUD,AUDv6b,0.23779028981202455,0.5419792692120063
462911,20240809,probe00,287,AUD,AUDv6b,0.7352270585205409,0.2279507873100216
462911,20240809,probe00,290,AUD,AUDv6b,0.6010117739252329,0.36000642761554613
462911,20240809,probe00,291,AUD,AUDv6a,0.11830764195822607,0.9525067625586581
462911,20240809,probe00,293,AUD,AUDv6a,0.7014789225116529,0.6289118773989272
462911,20240809,probe00,294,AUD,AUDv6a,0.3346623403540213,0.8811760130313993
462911,20240809,probe00,295,AUD,AUDv6a,0.8462993506827509,0.27518885859121756
462911,20240809,probe00,299,AUD,AUDv6b,0.15406569853076857,0.5983280464560903
462911,20240809,probe00,305,AUD,AUDv6b,0.05134361215079564,0.1967171301298335
462911,20240809,probe00,308,AUD,AUDv6a,0.35654955144594824,0.7184806583190377
462911,20240809,probe00,309,AUD,AUDv6a,0.5500204374196533,0.13940970975273737
462911,20240809,probe00,312,AUD,AUDv6b,0.7637924897807343,0.7813302216149257
462911,20240809,probe00,314,AUD,AUDp6a,0.44506354594434794,0.7121694502425591
462911,20240809,probe00,321,AUD,AUDp6a,0.7534455074358458,0.06625272529072745
462911,20240809,probe00,323,AUD,AUDp6a,0.9165694947572525,0.9143145761522395
462911,20240809,probe00,324,AUD,AUDp6a,0.6475352682427773,0.5807833877620177
462911,20240809,probe00,330,AUD,AUDp6a,0.6799627773158983,0.458630726209847
462911,20240809,probe00,331,AUD,AUDp6a,0.18939671133293257,0.4599054266772561
462911,20240809,probe00,332,AUD,AUDp6a,0.8629852859324241,0.8744666783940873
462911,20240809,probe00,335,AUD,AUDp6a,0.9350642432336397,0.7956591822997151
462911,20240809,probe00,339,AUD,AUDp6a,0.795940727561977,0.4351947553422314
462911,20240809,probe00,341,AUD,AUDp6a,0.34194397574982227,0.3646061567662139
462911,20240809,probe00,351,AUD,AUDp6a,0.561893469938998,0.8777411052222994
462911,20240809,probe00,356,AUD,AUDp6a,0.47683967434781527,0.7553425500435191
462911,20240809,probe00,358,AUD,AUDp6a,0.598773773239915,0.9004378071088432
462911,20240809,probe00,359,AUD,AUDp6a,0.4096875168677917,0.7667107440908548
462911,20240809,probe00,365,AUD,AUDp6a,0.47829077425991884,0.5435086771167243
462911,20240809,probe00,366,AUD,AUDp6a,0.723474675162779,0.6815882641410144
462911,20240809,probe00,370,AUD,AUDp6a,0.22196498888091865,0.11246028703231825
462911,20240809,probe00,371,AUD,AUDp6a,0.6917157113468311,0.5144932738273855
462911,20240809,probe00,372,AUD,AUDp6a,0.8489936994026467,0.7914083839043543
462911,20240809,probe00,374,AUD,AUDp6a,0.3373562983177729,0.36616556184267934
462911,20240809,probe00,376,AUD,AUDp6a,0.7029016282347811,0.04235025208917631
462911,20240809,probe00,379,AUD,AUDp6a,0.7164050321996196,0.26640706832626093
462911,20240809,probe00,385,AUD,AUDp6a,0.30023292324668194,0.4462489488510306
462911,20240809,probe00,386,AUD,AUDp6a,0.6783446520287577,0.09925772457976512
462911,20240809,probe00,387,AUD,AUDp6a,0.857758203910521,0.6159773290628843
462911,20240809,probe00,388,AUD,AUDp6a,0.32596972764730814,0.2087652803190535
462911,20240809,probe00,391,AUD,AUDp6a,0.45468947468758647,0.6925756325632821
462911,20240809,probe00,401,AUD,AUDpo5,0.575488678048842,0.2635687971084897
462911,20240809,probe00,403,AUD,AUDpo5,0.3439233421159035,0.5565816562408541
462911,20240809,probe00,404,AUD,AUDpo5,0.8322760958447348,0.5046742433368848
462911,20240809,probe00,406,AUD,AUDpo5,0.9544954009843775,0.8433842329648507
462911,20240809,probe00,408,AUD,AUDpo5,0.7628035646352612,0.5821532280081456
462911,20240809,probe00,413,AUD,AUDpo5,0.8428898755072332,0.6975062785794282
462911,20240809,probe00,414,AUD,AUDpo5,0.07178006365303513,0.6069203487940815
462911,20240809,probe00,417,AUD,AUDpo5,0.3511902723857787,0.4928007112203435
462911,20240809,probe00,418,AUD,AUDpo5,0.21241932875902536,0.8112547181060921
462911,20240809,probe00,419,AUD,AUDpo5,0.5894348584247918,0.24025892741693555
462911,20240809,probe00,421,AUD,AUDpo5,0.25579705911245454,0.2724086637066542
462911,20240809,probe00,422,AUD,AUDpo5,0.8727866942751101,0.7403619853658338
462911,20240809,probe00,424,AUD,AUDpo5,0.8236353245049869,0.4726861126459986
462911,20240809,probe00,425,AUD,AUDpo5,0.7289307768279585,0.8250033529570866
462911,20240809,probe00,427,AUD,AUDpo5,0.5734326170318236,0.8104130366902944
462911,20240809,probe00,432,AUD,AUDpo5,0.2859733645267388,0.6586032905015895
462911,20240809,probe00,433,AUD,AUDpo5,0.8146446760297295,0.4927734295823706
462911,20240809,probe00,434,AUD,AUDpo5,0.5143315783807485,0.14794221988401945
462911,20240809,probe00,439,AUD,AUDpo5,0.6626695014219259,0.7443145841510556
462911,20240809,probe00,447,AUD,AUDpo5,0.8862695870657482,0.23456430668987405
462911,20240809,probe00,453,AUD,AUDpo5,0.7612088527669572,0.36412793169751134
462911,20240809,probe00,454,AUD,AUDpo5,0.3220881822539853,0.7560016383201406
462911,20240809,probe00,455,AUD,AUDpo5,0.1891777267575131,0.534914832014526
462911,20240809,probe00,457,AUD,AUDpo5,0.5165858529996368,0.6510776205564262
462911,20240809,probe00,464,AUD,AUDpo5,0.15274584169553063,0.6861783724251461
462911,20240809,probe00,466,AUD,AUDpo5,0.7444560791597395,0.7645092000675755
462911,20240809,probe00,469,VIS,VISal5,0.3409368310360903,0.24864639172352232
462911,20240809,probe00,470,VIS,VISal5,0.30088809897912816,0.4445567946460238
462911,20240809,probe00,473,VIS,VISal5,0.5246306152282778,0.3282317240356417
462911,20240809,probe00,474,VIS,VISal5,0.5340027322083842,0.5294729492349248
462911,20240809,probe00,477,VIS,VISal5,0.8382507966549338,0.6184487028550167
462911,20240809,probe00,480,VIS,VISal5,0.3969438605196576,0.27919141643335466
462911,20240809,probe00,481,VIS,VISal5,,0.6951949534358909
462911,20240809,probe00,483,VIS,VISal5,0.47795677299762496,0.7004121712378144
462911,20240809,probe00,485,VIS,VISal4,0.5480689618764831,0.8121844773508685
462911,20240809,probe00,488,VIS,VISal4,0.5460772095795046,0.5185920830961476
462911,20240809,probe00,489,VIS,VISal4,0.8318599167728506,0.3970839627651609
462911,20240809,probe00,492,VIS,VISal4,0.9606461590013837,0.6929742849288617
462911,20240809,probe00,493,VIS,VISal4,0.523623550927665,0.46827906259263374
462911,20240809,probe00,494,VIS,VISal4,0.5648826957700759,0.7860744511167244
462911,20240809,probe00,497,VIS,VISal4,0.4492336342491565,0.4247242674971785
462911,20240809,probe00,500,VIS,VISal4,0.5060680815919214,0.8147679684821092
462911,20240809,probe00,501,VIS,VISal4,0.6506988569839708,0.7437395674565919
462911,20240809,probe00,508,VIS,VISal4,0.7823405903793332,0.7095975326932564
462911,20240809,probe00,509,VIS,VISal2/3,0.7767732485978862,0.34586735253402245
462911,20240809,probe00,510,VIS,VISal2/3,0.5738163909070412,0.32165604141460824
462911,20240809,probe00,511,VIS,VISal2/3,0.8494559881918102,0.1636792598797886
462911,20240809,probe00,517,VIS,VISal2/3,0.43155799406516926,0.8972689223990202
462911,20240809,probe00,518,VIS,VISal2/3,0.750229554368552,0.21977894344931082
462911,20240809,probe00,521,VIS,VISal2/3,0.2842588964757541,0.22754806018727847
462911,20240809,probe00,526,VIS,VISal2/3,0.6342290954008745,0.8265501029235754
462911,20240809,probe00,529,VIS,VISal2/3,0.8096816469143706,0.7694107445563002
462911,20240809,probe00,530,VIS,VISal2/3,0.2419389152195517,0.30548853456390745
462911,20240809,probe00,531,VIS,VISal2/3,0.7722093161359036,0.6773480871036739
462911,20240809,probe00,535,VIS,VISal2/3,0.7146637733269574,0.44747161657251067
462911,20240809,probe00,545,VIS,VISal2/3,0.9388962455601175,0.014136548289601536
462911,20240809,probe00,546,VIS,VISal2/3,0.4048984944699723,0.7180124937061461
462911,20240809,probe01,14,CA1,CA1,0.49324511604029775,0.3484762233200751
462911,20240809,probe01,39,CA1,CA1,0.9007970234172963,0.8435896150154453
462911,20240809,probe01,41,CA1,CA1,0.39135345607720995,0.4398451519205612
462911,20240809,probe01,42,CA1,CA1,0.705479604656664,0.7620433943487612
462911,20240809,probe01,48,CA1,CA1,0.4600776284408443,0.9862804592884451
462911,20240809,probe01,51,CA1,CA1,0.1182848349437251,0.9028049463699956
462911,20240809,probe01,54,CA1,CA1,0.22704835929083644,0.4644769540578715
462911,20240809,probe01,56,CA1,CA1,0.34855908369262145,0.5789286336900406
462911,20240809,probe01,61,CA1,CA1,0.6186203679541669,0.8555351022845004
462911,20240809,probe01,63,CA1,CA1,0.9237940617743761,0.9411992229364934
462911,20240809,probe01,66,CA1,CA1,0.8997937033173983,0.7558232832666567
462911,20240809,probe01,67,CA1,CA1,0.07838013796038734,0.6343633347753312
462911,20240809,probe01,71,CA1,CA1,0.5711386544544084,0.9086115273830038
462911,20240809,probe01,79,CA1,CA1,0.8742955776307528,0.02262236100314985
462911,20240809,probe01,81,CA1,CA1,0.7718253917965496,0.7292485403734055
462911,20240809,probe01,83,CA1,CA1,0.043845265796793376,0.4496717888378843
462911,20240809,probe01,87,CA1,CA1,0.7138353416226346,0.8881674690969353
462911,20240809,probe01,88,CA1,CA1,0.4369505537225301,0.5002431280675933
462911,20240809,probe01,94,CA1,CA1,0.7758052865620664,0.4083885444245503
462911,20240809,probe01,95,CA1,CA1,0.7952233414761612,0.07424505300233497
462911,20240809,probe01,96,CA1,CA1,0.8891541065140738,0.5095821070342537
462911,20240809,probe01,97,CA1,CA1,0.8071906544454095,0.7972406195313553
462911,20240809,probe01,99,CA1,CA1,0.5462006437506702,0.3082849202129301
462911,20240809,probe01,101,CA1,CA1,0.6159701788155983,0.031229322068437648
462911,20240809,probe01,102,CA1,CA1,0.5795024068782301,0.193272336772925
462911,20240809,probe01,105,CA1,CA1,0.5796826120471559,0.8175559515764583
462911,20240809,probe01,108,CA1,CA1,0.7989048007720139,0.7336855517477365
462911,20240809,probe01,111,CA1,CA1,0.2694852512823277,0.9322024053668372
462911,20240809,probe01,113,CA1,CA1,0.25337400948151145,0.5492278336727027
462911,20240809,probe01,115,CA1,CA1,0.9010895274573316,0.8262885220670371
462911,20240809,probe01,116,CA1,CA1,0.35975700016180356,0.608810064460152
462911,20240809,probe01,117,CA1,CA1,0.7248228100780529,0.8106272569799425
462911,20240809,probe01,118,CA1,CA1,0.37462574657740566,0.7853198397911628
462911,20240809,probe01,119,CA1,CA1,0.5207846482035248,0.5698418603738158
462911,20240809,probe01,120,CA1,CA1,0.26223739021210124,0.8422588493650969
462911,20240809,probe01,122,CA1,CA1,0.08037224562745193,0.46894466783583366
462911,20240809,probe01,123,CA1,CA1,0.4924908587765239,0.84735901203028
462911,20240809,probe01,124,CA1,CA1,0.019861706280304148,0.9789828180175596
462911,20240809,probe01,125,CA1,CA1,0.6016685195982445,0.9088218635247525
462911,20240809,probe01,131,CA1,CA1,0.21032354572245504,0.6743425803339547
462911,20240809,probe01,134,CA1,CA1,0.7249013443163148,0.95985311108834
462911,20240809,probe01,135,CA1,CA1,0.2822352374639544,0.5733937285351556
462911,20240809,probe01,136,CA1,CA1,0.3634744686324882,0.6557919065422795
462911,20240809,probe01,137,CA1,CA1,0.6673444339596987,0.8587799283103253
462911,20240809,probe01,138,CA1,CA1,0.6653073938398393,0.8323635193631058
462911,20240809,probe01,139,CA1,CA1,0.25432865122647363,0.9109320606911732
462911,20240809,probe01,140,CA1,CA1,0.689410757759457,0.775732597725579
462911,20240809,probe01,141,CA1,CA1,0.7590978451500121,0.1550641487542871
462911,20240809,probe01,142,CA1,CA1,0.3373231510866539,0.647431233089943
462911,20240809,probe01,143,CA1,CA1,0.42190187136264423,0.8194805222385325
462911,20240809,probe01,144,CA1,CA1,0.5810016873175047,0.842616668539331
462911,20240809,probe01,145,CA1,CA1,0.26261782338634343,0.49584037436512984
462911,20240809,probe01,147,CA1,CA1,0.22713718929707005,0.07989022991185257
462911,20240809,probe01,150,CA1,CA1,0.4828207795340631,0.6473008113184555
462911,20240809,probe01,151,CA1,CA1,0.6585239649626694,0.5400005112961377
462911,20240809,probe01,153,CA1,CA1,0.4862738678956168,0.871810795353028
462911,20240809,probe01,154,CA1,CA1,0.5643867295138711,0.06887171756934352
462911,20240809,probe01,155,CA1,CA1,0.8852651717629705,0.7681041852528205
462911,20240809,probe01,157,CA1,CA1,0.8160328703997595,0.9711938086970292
462911,20240809,probe01,159,CA1,CA1,0.3816527868252796,0.8108289276688254
462911,20240809,probe01,160,CA1,CA1,0.5532283597551544,0.07243111382691891
462911,20240809,probe01,161,CA1,CA1,0.34301413649039536,0.10812539990504799
462911,20240809,probe01,162,CA1,CA1,0.6531460176832713,0.8331322825585132
462911,20240809,probe01,163,CA1,CA1,0.6425827426296451,0.08948919899231378
462911,20240809,probe01,164,CA1,CA1,0.32501297537296525,0.7507127359894353
462911,20240809,probe01,166,CA1,CA1,0.5255686993892477,0.13427066316715286
462911,20240809,probe01,167,CA1,CA1,0.5658818600784794,0.9753699251202633
462911,20240809,probe01,169,CA1,CA1,0.7446817608858141,0.5156823086946016
462911,20240809,probe01,170,CA1,CA1,0.22158513011188463,0.7776652604573273
462911,20240809,probe01,172,CA1,CA1,0.8763560326877788,0.9516023593045743
462911,20240809,probe01,176,CA1,CA1,0.38427950900585417,0.028569497610617334
462911,20240809,probe01,184,CA1,CA1,0.9684393552103517,0.3755871130627091
462911,20240809,probe01,185,CA1,CA1,0.9064877925959198,0.8762463197180752
462911,20240809,probe01,186,CA1,CA1,0.2471630318119742,0.6952553793383591
462911,20240809,probe01,189,CA1,CA1,0.41623774550661274,0.754117804182388
462911,20240809,probe01,190,CA1,CA1,0.18561188169272425,0.813012794455669
462911,20240809,probe01,192,CA1,CA1,0.7719252413096824,0.7237779281393304
462911,20240809,probe01,194,CA1,CA1,0.5676813433976927,0.8200783290704092
462911,20240809,probe01,195,CA1,CA1,0.8148215989658982,0.894390991103215
462911,20240809,probe01,196,CA1,CA1,0.8193479617099861,0.3608772311877827
462911,20240809,probe01,198,CA1,CA1,0.3622776911320127,0.6293206996015563
462911,20240809,probe01,207,CA1,CA1,0.35911845344704496,0.16511563698636555
462911,20240809,probe01,208,CA1,CA1,0.5927164287048894,0.8026521631391237
462911,20240809,probe01,209,CA1,CA1,0.8189882453084505,0.7088319850452398
462911,20240809,probe01,212,CA1,CA1,0.33149031848661614,0.8480831218337714
462911,20240809,probe01,213,CA1,CA1,0.8955764605668595,0.8358874557540096
462911,20240809,probe01,218,CA1,CA1,0.7522429215507138,0.6650851733416909
462911,20240809,probe01,219,CA1,CA1,0.7549344084756056,0.8975158478498076
462911,20240809,probe01,220,CA1,CA1,0.42800516547564427,0.852438845645116
462911,20240809,probe01,221,CA1,CA1,0.3650241653112667,0.49354363553517866
462911,20240809,probe01,231,CA1,CA1,0.5900549873619991,0.7742948055607491
462911,20240809,probe01,238,CA1,CA1,0.8444104671933825,0.7888279303287595
462911,20240809,probe01,246,CA1,CA1,0.2669464305571132,0.5943969974530724
462911,20240809,probe01,247,CA1,CA1,0.25816162769072193,0.3509075797929846
462911,20240809,probe01,249,CA1,CA1,0.8999053745736094,0.346136485242335
462911,20240809,probe01,250,CA1,CA1,0.9050078656634488,0.8038259346282164
462911,20240809,probe01,251,CA1,CA1,0.7578480605719503,0.13704862485782876
462911,20240809,probe01,266,CA1,CA1,0.20133385708818896,0.579814808254568
462911,20240809,probe01,267,CA1,CA1,0.33478169930875135,0.6593298289022609
462911,20240809,probe01,276,CA1,CA1,0.8269464032376103,0.9011884538131748
462911,20240809,probe01,280,CA1,CA1,0.11915938552027061,0.23952558004899838
462911,20240809,probe01,297,CA1,CA1,0.8607399185467483,0.7616543161884509
462911,20240809,probe01,305,CA1,CA1,0.8437078583336792,0.9267052734519937
462911,20240809,probe01,318,CA1,CA1,0.44128461021213616,0.9779526034164137
462911,20240809,probe01,324,CA1,CA1,0.9477482787522901,0.49170736828452744
462911,20240809,probe01,330,root,ccs,0.39343734117681595,0.8861141546630072
462911,20240809,probe01,335,CA1,CA1,0.3118289326908539,0.9099126669070754
462911,20240809,probe01,337,CA1,CA1,0.8766708439896915,0.68553761226805
462911,20240809,probe01,338,CA1,CA1,0.8177246188375713,0.8116956252848776
462911,20240809,probe01,340,root,ccs,0.8987062493348332,0.6767030072800461
462911,20240809,probe01,341,root,ccs,0.7008029770709341,0.5480881474164447
462911,20240809,probe01,342,root,ccs,0.9202565515171541,0.6991991507974591
462911,20240809,probe01,343,root,ccs,0.6377946521044298,0.4585412489657036
462911,20240809,probe01,344,root,ccs,0.8966996526369094,0.8210151372137857
462911,20240809,probe01,345,root,ccs,0.9490135307332319,0.9151209019911726
462911,20240809,probe01,346,root,ccs,0.7692357317206892,0.4511162276720846
462911,20240809,probe01,347,root,ccs,0.6423788568215688,0.823112971797552
462911,20240809,probe01,348,root,ccs,0.8120917459915615,0.863637339052489
462911,20240809,probe01,351,root,ccs,0.945895064990836,0.7325415581994368
462911,20240809,probe01,354,root,scwm,0.09292772973919727,0.8785675168174983
462911,20240809,probe01,355,root,ccs,0.924989739052212,0.6461556707551239
462911,20240809,probe01,356,root,ccs,0.7276288308593972,0.47607401480261824
462911,20240809,probe01,358,root,ccs,0.1300279782849848,0.9124090708964605
462911,20240809,probe01,359,root,ccs,0.8920815286249629,0.9631683129157982
462911,20240809,probe01,360,root,ccs,0.31594264605615474,0.5877330828502156
462911,20240809,probe01,365,root,or,0.6507819424535046,0.472924186934886
462911,20240809,probe01,366,root,cing,0.753975277980172,0.9044401522514166
462911,20240809,probe01,367,root,cing,0.5139862884603048,0.6738482663242606
462911,20240809,probe01,372,root,ccs,0.7639884050441946,0.7817974001871595
462911,20240809,probe01,374,root,ccs,0.8650989220986871,0.7013125506321063
462911,20240809,probe01,381,root,VISa6b,0.316687822302257,0.4737517526791364
478154,20251003,probe00,48,LEC,ENTl1,0.6228370714602289,0.2647663864372978
478154,20251003,probe00,62,LEC,ENTl1,0.17739287957758754,0.7386803304959404
478154,20251003,probe00,63,LEC,ENTl1,0.3711047142739823,0.4767979223854689
478154,20251003,probe00,64,LEC,ENTl1,0.5655175176527373,0.5678142962322258
478154,20251003,probe00,65,LEC,ENTl1,0.5765913161305012,0.00043235475062208817
478154,20251003,probe00,66,PERI,PERI1,0.7510406948904667,0.014366721679695216
478154,20251003,probe00,70,PERI,PERI1,0.5733800496449357,0.17902420200354374
478154,20251003,probe00,71,PERI,PERI1,0.4956260743768175,0.422107810955745
478154,20251003,probe00,73,PERI,PERI1,0.3680940783457599,0.6251993153303437
478154,20251003,probe00,75,PERI,PERI1,0.9299831160246986,0.8700639622475748
478154,20251003,probe00,77,PERI,PERI1,0.35866913682719825,0.24806682001926006
478154,20251003,probe00,78,PERI,PERI1,0.4557640170451075,0.8272323527806174
478154,20251003,probe00,79,PERI,PERI1,0.016134208306245235,0.02602011607467658
478154,20251003,probe00,80,PERI,PERI1,0.13390243733316742,0.15883096758368387
478154,20251003,probe00,86,PERI,PERI1,0.12794583770248702,0.6053049451232064
478154,20251003,probe00,88,PERI,PERI1,0.8924623768630299,0.25211791885584633
478154,20251003,probe00,89,PERI,PERI1,0.7828724082228791,0.05691530136127865
478154,20251003,probe00,91,PERI,PERI1,0.31946288415755675,0.06630954812812029
478154,20251003,probe00,98,PERI,PERI1,0.8653853996671009,0.823745333238339
478154,20251003,probe00,99,PERI,PERI1,0.2879658739421076,0.4017485135381804
478154,20251003,probe00,100,PERI,PERI1,0.5259575216708499,0.14195990618947585
478154,20251003,probe00,103,PERI,PERI1,0.7518592199445442,
478154,20251003,probe00,104,PERI,PERI1,0.18348237088283403,0.6041923323348475
478154,20251003,probe00,105,PERI,PERI1,0.41807087476195215,0.13739389203371488
478154,20251003,probe00,106,PERI,PERI1,0.7909620528879109,0.28329530715304696
478154,20251003,probe00,108,PERI,PERI1,0.2554999595337879,0.0814747173525342
478154,20251003,probe00,109,PERI,PERI1,0.4814358951478691,0.1515727375687429
478154,20251003,probe00,112,PERI,PERI1,0.7171581903556268,0.14314036408457043
478154,20251003,probe00,115,PERI,PERI1,0.12662874763475607,0.0034444880286768065
478154,20251003,probe00,120,PERI,PERI1,0.2878794042799522,0.8244425361904861
478154,20251003,probe00,124,PERI,PERI1,0.5273240198986894,0.03662389090045026
478154,20251003,probe00,125,PERI,PERI1,0.9304105228231124,0.07502857193971213
478154,20251003,probe00,126,PERI,PERI1,0.3709285898481789,0.8466418330729817
478154,20251003,probe00,127,PERI,PERI1,0.702489203142361,0.9235250028632218
478154,20251003,probe00,129,PERI,PERI1,0.5000246626198335,0.8125041494785266
478154,20251003,probe00,130,PERI,PERI1,0.7466623258436464,0.7056264570434012
478154,20251003,probe00,131,PERI,PERI1,0.9551863979562378,0.7200433023932649
478154,20251003,probe00,134,PERI,PERI1,0.35059356075856696,0.5367209641251041
478154,20251003,probe00,135,PERI,PERI1,0.85293975352178,0.02315491848621065
478154,20251003,probe00,141,PERI,PERI1,0.10733762088499998,0.10429709303417523
478154,20251003,probe00,144,PERI,PERI1,0.6143931484214333,0.037653836325030166
478154,20251003,probe00,145,PERI,PERI1,0.4250903338291788,0.045120464635137525
478154,20251003,probe00,150,PERI,PERI1,0.35900335684194074,0.005187928275008469
478154,20251003,probe00,151,PERI,PERI1,0.9350233289484595,0.08011920094510505
478154,20251003,probe00,157,PERI,PERI1,0.20114221059980475,0.29690880575665113
478154,20251003,probe00,161,PERI,PERI1,0.7005794674673511,0.5825472868299084
478154,20251003,probe00,166,PERI,PERI1,0.06250852216962177,0.6184262252459221
478154,20251003,probe00,167,PERI,PERI1,0.2540904980813822,0.5050591611798307
478154,20251003,probe00,168,PERI,PERI1,0.13875613565620004,0.0010607342438371248
478154,20251003,probe00,170,PERI,PERI1,0.1052957409386941,0.011825240284396799
478154,20251003,probe00,171,PERI,PERI2/3,0.45283240175979156,0.29476238413279754
478154,20251003,probe00,177,PERI,PERI2/3,0.3625392503589615,0.7696123946556139
478154,20251003,probe00,179,PERI,PERI2/3,0.08063214549701281,0.5188109128167262
478154,20251003,probe00,185,PERI,ECT2/3,0.3015447759014439,0.12894851136724406
478154,20251003,probe00,193,PERI,ECT2/3,0.3819618792271531,
478154,20251003,probe00,195,PERI,ECT2/3,0.673232399908085,0.001510157057625361
478154,20251003,probe00,198,PERI,ECT2/3,0.920986544240228,0.7027771343603606
478154,20251003,probe00,202,PERI,ECT2/3,0.024556227345469583,0.009504810502956818
478154,20251003,probe00,204,PERI,ECT2/3,0.908297012301108,0.0011185589907740656
478154,20251003,probe00,205,PERI,ECT2/3,0.2594615594080887,0.6846897501428035
478154,20251003,probe00,207,PERI,ECT2/3,0.4302864169766287,0.5260513408555199
478154,20251003,probe00,208,PERI,ECT2/3,0.6361680541628771,0.8119874049899127
478154,20251003,probe00,211,PERI,ECT2/3,0.44590793197871803,0.06791735838163082
478154,20251003,probe00,212,PERI,ECT2/3,0.6709690825261003,
478154,20251003,probe00,215,PERI,ECT2/3,0.1483387210110808,0.6142487072074545
478154,20251003,probe00,216,PERI,ECT2/3,0.2317186486124556,0.7785974816239082
478154,20251003,probe00,217,PERI,ECT2/3,0.5555246312988853,0.7399230640287962
478154,20251003,probe00,219,PERI,ECT2/3,0.021399558100648974,0.0808801751191468
478154,20251003,probe00,221,PERI,ECT2/3,0.019410838128250396,0.7263000774405166
478154,20251003,probe00,227,PERI,ECT2/3,0.26444275358611746,0.775902198506327
478154,20251003,probe00,228,PERI,ECT2/3,0.40309782413967743,0.11051783330944798
478154,20251003,probe00,229,PERI,ECT2/3,0.30333629344080126,0.3235759219665231
478154,20251003,probe00,230,PERI,ECT2/3,0.7966246807057322,0.37090881609215
478154,20251003,probe00,231,PERI,ECT2/3,0.6184258936262613,0.2413726896416991
478154,20251003,probe00,233,PERI,ECT2/3,0.8299034354462322,0.9592737850891332
478154,20251003,probe00,235,PERI,ECT2/3,0.33312328045212214,0.6153748003363179
478154,20251003,probe00,236,PERI,ECT2/3,0.2015984112404824,0.2201640955632922
478154,20251003,probe00,237,PERI,ECT2/3,0.7675151054156706,0.886952616393339
478154,20251003,probe00,238,PERI,ECT2/3,0.21142546360386194,0.0008584689722768157
478154,20251003,probe00,243,PERI,ECT2/3,0.6356696949984542,0.003478709468999197
478154,20251003,probe00,245,PERI,ECT2/3,0.7536590283936438,0.130352767688791
478154,20251003,probe00,250,PERI,ECT2/3,0.29725081221450245,0.6277565796855562
478154,20251003,probe00,259,PERI,ECT2/3,0.168105262605591,0.3412381996210496
478154,20251003,probe00,260,PERI,ECT2/3,0.4036719472777559,0.5749616402816755
478154,20251003,probe00,261,PERI,ECT2/3,0.2963013417969539,0.012122448984689171
478154,20251003,probe00,262,PERI,ECT2/3,0.6400804873576831,0.2022753136545502
478154,20251003,probe00,263,PERI,ECT2/3,0.35269638739925624,0.01149088384705721
478154,20251003,probe00,264,PERI,ECT2/3,0.027686363499759725,0.016996620147032515
478154,20251003,probe00,265,PERI,ECT2/3,0.40027223159312075,0.2251242299899402
478154,20251003,probe00,267,PERI,ECT2/3,0.848352383106603,0.8271105605837037
478154,20251003,probe00,270,PERI,ECT2/3,0.1674432417431726,0.0002516757567079253
478154,20251003,probe00,271,PERI,ECT2/3,0.07191149490255955,0.2695497194992784
478154,20251003,probe00,272,PERI,ECT2/3,0.29708547980396194,0.000294647824069183
478154,20251003,probe00,273,PERI,ECT2/3,0.15433949978171935,0.040142922705499795
478154,20251003,probe00,274,PERI,ECT2/3,0.02631631724617345,0.0012500969851000354
478154,20251003,probe00,277,PERI,ECT2/3,0.9573685771290129,0.4203744029222112
478154,20251003,probe00,282,PERI,ECT2/3,0.6040467247813148,0.8040059849419665
478154,20251003,probe00,284,PERI,ECT5,0.23146726596313083,0.003529216303232552
478154,20251003,probe00,290,PERI,ECT5,0.3814100672348616,0.06424461721080432
478154,20251003,probe00,291,PERI,ECT2/3,0.8385852616304859,0.008346179614529659
478154,20251003,probe00,292,PERI,ECT5,0.7305015591905455,0.6112128289160083
478154,20251003,probe00,293,PERI,ECT5,0.0933888868399182,0.7159329756644159
478154,20251003,probe00,294,PERI,ECT5,0.3806740110835025,0.016273713842332782
478154,20251003,probe00,297,PERI,ECT2/3,0.05149183317662476,2.3847197095805406e-05
478154,20251003,probe00,300,PERI,ECT5,0.0395194004827083,0.0001777016353409211
478154,20251003,probe00,304,PERI,ECT5,0.5613938358875328,0.4213432995005256
478154,20251003,probe00,308,PERI,ECT5,0.6368966211217495,0.11152608151202748
478154,20251003,probe00,312,PERI,ECT5,0.20367357496617233,0.09892611521181416
478154,20251003,probe00,313,PERI,ECT5,0.3571811169778786,6.601610455692075e-05
478154,20251003,probe00,314,PERI,ECT5,0.03503627546519572,0.3682880485083977
478154,20251003,probe00,323,PERI,ECT5,0.7339079882664914,0.2764635785659846
478154,20251003,probe00,326,PERI,ECT5,0.4103687669259035,0.4954844050331735
478154,20251003,probe00,334,PERI,ECT5,0.40515432568572785,0.1412485577853314
478154,20251003,probe00,338,PERI,ECT5,0.8245690064872542,0.8545589906042709
478154,20251003,probe00,339,PERI,ECT5,0.06662408130217756,0.7152431558525121
478154,20251003,probe00,341,PERI,ECT5,0.6199764645690679,0.05253528817490183
478154,20251003,probe00,342,PERI,ECT5,0.6758711324243266,0.0015582277006819245
478154,20251003,probe00,349,TEa,TEa5,0.5894935534971498,0.02344973365518832
478154,20251003,probe00,360,PERI,ECT5,,0.7402143769003562
478154,20251003,probe00,361,PERI,ECT5,0.9412947429911179,0.0001852596710637533
478154,20251003,probe00,363,TEa,TEa5,0.4675881942844149,0.4086930492889388
478154,20251003,probe00,364,TEa,TEa5,0.2610293458890037,0.5337709570490934
478154,20251003,probe00,365,PERI,ECT5,0.05357174667749143,0.000983775278784793
478154,20251003,probe00,367,TEa,TEa5,0.6058404876564196,0.756224224272835
478154,20251003,probe00,370,TEa,TEa5,0.617900934375599,0.8700802727063709
478154,20251003,probe00,379,TEa,TEa5,0.20887860092419042,0.10488271685647199
478154,20251003,probe00,383,TEa,TEa5,0.9236209498654157,0.8068032536264711
478154,20251003,probe00,387,TEa,TEa5,0.29431307554668795,0.73393878833962
478154,20251003,probe00,388,TEa,TEa5,0.28459189499981064,0.061992884198654896
478154,20251003,probe00,392,TEa,TEa5,0.032777048063500014,0.09579610534661454
478154,20251003,probe00,393,TEa,TEa5,0.4172663552557586,0.00026633509076889883
478154,20251003,probe00,395,TEa,TEa5,0.6363208912156048,0.2312011848854626
478154,20251003,probe00,396,TEa,TEa5,0.759878038164214,0.047440659108054506
478154,20251003,probe00,398,TEa,TEa5,0.17577858881107145,0.5163327443308621
478154,20251003,probe00,399,TEa,TEa5,0.25424793765823617,0.15499590342849912
478154,20251003,probe00,401,TEa,TEa5,0.21638967746062598,0.07808862716475728
478154,20251003,probe00,406,TEa,TEa5,0.8745084463436184,0.6961162668062142
478154,20251003,probe00,410,TEa,TEa5,0.3876521636169321,0.04533915104492425
478154,20251003,probe00,411,TEa,TEa5,0.759804242039132,0.0015811294906091788
478154,20251003,probe00,414,TEa,TEa5,0.40447587313195754,0.0026389350867839223
478154,20251003,probe00,415,TEa,TEa5,0.5295137483541665,0.045077953909435475
478154,20251003,probe00,418,TEa,TEa5,0.046485721429245674,0.0005419200173829575
478154,20251003,probe00,420,TEa,TEa5,0.7863523523351257,0.10797718938607248
478154,20251003,probe00,421,TEa,TEa5,0.15204382844223596,0.007366039031083793
478154,20251003,probe00,424,TEa,TEa5,0.2060622093677772,0.0437093637654723
478154,20251003,probe00,425,TEa,TEa5,0.7834197317113653,0.006466521693402338
478154,20251003,probe00,431,TEa,TEa5,0.5824491934227598,0.4055528203988421
478154,20251003,probe00,432,TEa,TEa5,0.2061560756761921,0.14689235849964255
478154,20251003,probe00,433,TEa,TEa5,0.3675346562507177,0.49584631371935617
478154,20251003,probe00,434,TEa,TEa5,0.8476539177932716,0.05700796307600231
478154,20251003,probe00,435,TEa,TEa5,,0.7352837196057396
478154,20251003,probe00,436,TEa,TEa5,0.463899547758891,0.4001268733306872
478154,20251003,probe00,438,TEa,TEa5,0.027084399878322674,0.03139863932802456
478154,20251003,probe00,441,TEa,TEa5,0.4682091368717405,0.8654724051373712
478154,20251003,probe00,443,TEa,TEa5,0.5421031906794826,0.15770655409765633
478154,20251003,probe00,447,TEa,TEa5,0.24545452473956508,0.019257274089734877
478154,20251003,probe00,448,TEa,TEa5,0.8168832438213853,0.0039001760646217853
478154,20251003,probe00,458,TEa,TEa5,0.5869570958649097,0.42138189026552075
478154,20251003,probe00,461,TEa,TEa5,0.6255207987894413,0.5101672373324182
478154,20251003,probe00,462,TEa,TEa5,0.9096790330876624,0.7780142835362955
478154,20251003,probe00,465,TEa,TEa5,0.6547022200210456,0.00030341453496829374
478154,20251003,probe00,466,TEa,TEa5,0.04141028877944253,0.009184469529884165
478154,20251003,probe00,472,TEa,TEa5,0.6187583381393447,0.20247339588139301
478154,20251003,probe00,473,TEa,TEa5,0.27809800429898823,0.1508671463792326
478154,20251003,probe00,477,TEa,TEa5,0.6847645279384375,
478154,20251003,probe00,478,TEa,TEa5,0.28915994559318625,0.647556803742074
478154,20251003,probe00,479,TEa,TEa5,0.7938606544916997,0.598902197230927
478154,20251003,probe00,481,TEa,TEa5,0.17121950093690952,0.07891690394009032
478154,20251003,probe00,483,TEa,TEa5,0.9025291040700132,0.11213858111245634
478154,20251003,probe00,484,TEa,TEa5,0.583154265053968,0.001601296829873311
478154,20251003,probe00,486,TEa,TEa5,0.07447100964120812,0.673284920971976
478154,20251003,probe00,487,TEa,TEa5,0.45326427440306116,0.23337277849199478
478154,20251003,probe00,490,TEa,TEa5,0.6211633672321899,0.634324150028593
478154,20251003,probe00,491,TEa,TEa5,0.7429852853354919,0.6208205328079306
478154,20251003,probe00,492,TEa,TEa5,0.23256751540607246,0.02048309514254054
478154,20251003,probe00,493,TEa,TEa5,0.08542014941840359,0.6577263118999468
478154,20251003,probe00,498,TEa,TEa5,0.21375633243641767,0.08175950015467948
478154,20251003,probe00,499,TEa,TEa5,0.573843057645584,0.04065526128345509
478154,20251003,probe00,501,TEa,TEa5,0.5172905096698153,0.02363112151962321
478154,20251003,probe00,503,TEa,TEa5,0.3513178899262235,0.004693899822324821
478154,20251003,probe00,509,TEa,TEa5,0.2104473064195279,0.3229202677891049
478154,20251003,probe00,510,TEa,TEa5,0.019585789704629653,0.22782919217352515
478154,20251003,probe00,511,TEa,TEa5,0.13418772227315667,0.16876701990507226
478154,20251003,probe00,512,TEa,TEa5,0.06568858057680016,8.993322679629046e-05
478154,20251003,probe00,514,TEa,TEa5,0.08989387245510239,0.005986041178717816
478154,20251003,probe00,517,TEa,TEa5,0.6798381104227065,0.03904440014173127
478154,20251003,probe00,518,TEa,TEa5,0.5744583818984434,0.059448725932135016
478154,20251003,probe00,526,TEa,TEa6a,0.41357645252976694,0.16681337342243507
478154,20251003,probe00,527,TEa,TEa6a,,
478154,20251003,probe00,529,TEa,TEa5,0.0603444583636733,0.7018106583906314
478154,20251003,probe00,535,TEa,TEa6a,0.6693246874987397,0.07475169099277357
478154,20251003,probe00,536,TEa,TEa5,0.1829869424688787,0.1916342918985845
478154,20251003,probe00,540,TEa,TEa5,0.44563611394749236,0.4061829379824238
478154,20251003,probe00,541,TEa,TEa6a,0.16147617983831264,0.004615882298385943
478154,20251003,probe00,550,TEa,TEa6a,0.7804815518645107,0.03633452105853596
478154,20251003,probe00,563,AUD,AUDv6a,0.07768033649145645,0.9860254774890002
478154,20251003,probe00,564,AUD,AUDv6a,0.7449743424944593,0.4283298606769548
478154,20251003,probe00,565,AUD,AUDv6a,0.6879863963828547,0.9575607050261637
478154,20251003,probe00,567,AUD,AUDv6a,0.48764993723028716,0.6750539739295407
478154,20251003,probe00,584,AUD,AUDv6a,0.12520211390494262,0.10043969149496834
478154,20251003,probe00,587,AUD,AUDv6a,0.15558725119278827,0.1870542301336362
478154,20251003,probe00,594,AUD,AUDv6a,0.36990603656248433,0.5786244974914356
478154,20251003,probe00,599,AUD,AUDv6a,0.7221323613538799,0.007944609913013823
478154,20251003,probe00,601,AUD,AUDv6a,0.43840298166241864,0.021628756904321755
478154,20251003,probe00,606,AUD,AUDv6a,0.8017760213415895,
478154,20251003,probe00,608,AUD,AUDv6a,0.5779784560045962,0.6491583669830742
478154,20251003,probe00,610,AUD,AUDv6a,0.6232272813141932,0.31720928531987813
478154,20251003,probe00,649,AUD,AUDv6a,0.7502690703483366,0.758080183774834
478154,20251003,probe00,651,AUD,AUDv6a,0.4280734527290966,0.39079142019673474
478154,20251003,probe00,653,AUD,AUDv6a,0.5995093964809696,0.0007991780272609272
478154,20251003,probe00,656,AUD,AUDv6a,0.9251576901472736,0.9561723447075173
478154,20251003,probe00,657,AUD,AUDv6a,0.5856839938887652,0.7224988720640257
478154,20251003,probe00,663,AUD,AUDv6a,0.5765474791084806,0.22924845597359278
478154,20251003,probe00,665,AUD,AUDv6a,0.5238642869384542,0.4880727512579037
478154,20251003,probe00,669,AUD,AUDv6a,0.33222855978467203,0.11662852903909571
478154,20251003,probe00,670,AUD,AUDv6a,0.7872747953887419,
478154,20251003,probe00,684,AUD,AUDv6a,0.1330735469882568,0.6453569618855934
478154,20251003,probe00,685,AUD,AUDv6a,0.19779343278184736,0.17625789845285988
478154,20251003,probe00,689,AUD,AUDv6a,0.1369158361608407,0.7269564867592239
478154,20251003,probe00,693,AUD,AUDpo6a,0.31797743579518944,0.6211475235750488
478154,20251003,probe00,694,AUD,AUDpo6a,0.5610171569772981,0.023518863241948296
478154,20251003,probe00,702,AUD,AUDpo6a,0.736131469969054,0.3669303012289349
478154,20251003,probe00,726,AUD,AUDpo6a,0.2820290683524592,0.04407419117618738
478154,20251003,probe00,727,AUD,AUDpo6a,,
478154,20251003,probe00,730,AUD,AUDpo6a,0.32334899127720673,0.0016799263273279408
478154,20251003,probe00,734,AUD,AUDpo6a,0.14188640999408864,0.43018651269844566
478154,20251003,probe00,736,AUD,AUDpo6a,0.5067024776357525,0.605129296263571
478154,20251003,probe00,739,AUD,AUDpo6a,0.8917308527221879,0.22958753070040305
478154,20251003,probe00,744,AUD,AUDpo6a,0.08223282043587232,0.00229918554236197
478154,20251003,probe00,745,AUD,AUDpo6a,0.199857882123047,0.01525046950201614
478154,20251003,probe00,748,AUD,AUDpo6a,0.626113135742101,0.32071377815945257
478154,20251003,probe00,754,AUD,AUDpo6a,0.324227021329183,0.136700554594259
478154,20251003,probe00,757,AUD,AUDpo5,0.16545874372056757,0.8032592771499919
478154,20251003,probe00,761,AUD,AUDpo5,0.17557851636205457,0.15216308677238533
478154,20251003,probe00,767,AUD,AUDpo6a,0.7919277967529132,0.7315719223452379
478154,20251003,probe00,768,AUD,AUDpo6a,0.026274781708343742,0.05405171731701541
478154,20251003,probe00,776,AUD,AUDpo6a,0.06649679028439348,0.005588497345900056
478154,20251003,probe00,777,AUD,AUDpo6a,0.5724875157737113,0.005274903638271877
478154,20251003,probe00,779,AUD,AUDpo5,0.7765910239380738,0.27874235205867415
478154,20251003,probe00,781,AUD,AUDpo5,0.7419090983315692,0.6544555804034455
478154,20251003,probe00,782,AUD,AUDpo5,0.5570956732402387,0.00013118729511052418
478154,20251003,probe00,785,AUD,AUDpo5,0.8687336033636228,0.3601385484456584
478154,20251003,probe00,786,AUD,AUDpo5,0.7386530777367231,0.7327099817453738
478154,20251003,probe00,790,AUD,AUDpo5,0.047369511207954074,0.03481459820801491
478154,20251003,probe00,793,AUD,AUDpo5,0.7892781658134069,0.002780832415820056
478154,20251003,probe00,796,AUD,AUDpo5,0.4545594069392921,0.7164583637421621
478154,20251003,probe00,799,AUD,AUDpo5,0.3981182649113366,0.06035032937164897
478154,20251003,probe00,800,AUD,AUDpo5,0.660702079077486,0.029550373752638803
478154,20251003,probe00,803,AUD,AUDpo5,0.24906786735913766,0.2503713628300346
478154,20251003,probe00,806,AUD,AUDpo5,0.17799156931045235,0.21306201472126973
478154,20251003,probe00,807,AUD,AUDpo5,0.48516420078428635,0.004061719733125302
478154,20251003,probe00,809,AUD,AUDpo5,0.2800980474083856,0.04515515682101445
478154,20251003,probe00,811,AUD,AUDpo5,0.8810627275990874,0.4487196897833311
478154,20251003,probe00,813,AUD,AUDpo5,0.1948844495222154,0.2010185476631896
478154,20251003,probe00,815,AUD,AUDpo5,0.8265291991189384,0.6658433215536287
478154,20251003,probe00,818,TEa,TEa5,0.5621728378652457,0.4910417173926128
478154,20251003,probe00,820,TEa,TEa5,0.8599182500351386,0.004398614794367317
478154,20251003,probe00,823,TEa,TEa5,0.36172584952599307,0.12042167069191245
478154,20251003,probe00,824,TEa,TEa5,0.4530416079533619,0.7159152483494726
478154,20251003,probe00,826,TEa,TEa5,0.413544152800721,0.52573819187829
478154,20251003,probe00,828,TEa,TEa5,0.02839281468951138,0.0038099193311847968
478154,20251003,probe00,835,TEa,TEa5,0.8804086376943848,0.19038987746193725
478154,20251003,probe00,838,TEa,TEa5,0.10997420904064892,0.6857904506023886
478154,20251003,probe00,839,TEa,TEa5,0.7280146864593064,0.7567798784243227
478154,20251003,probe00,840,TEa,TEa5,0.26119191258155816,0.14036555118348504
478154,20251003,probe00,842,TEa,TEa5,0.1627242987988302,0.012761064642250908
478154,20251003,probe00,844,TEa,TEa5,0.31809036010571323,0.4696020736106714
478154,20251003,probe00,845,TEa,TEa5,0.1400150140920754,0.002924023532429265
478154,20251003,probe00,846,TEa,TEa5,0.1460754578118314,0.040117405163342834
478154,20251003,probe00,848,TEa,TEa5,0.7893821408837052,0.19055383389506098
478154,20251003,probe00,850,TEa,TEa5,0.5620281123208897,0.00029255123841176456
478154,20251003,probe00,851,TEa,TEa5,0.7543407097983366,
478154,20251003,probe00,852,TEa,TEa5,,0.7016324788427197
478154,20251003,probe00,853,TEa,TEa5,0.9511484898135715,0.1944532247665739
478154,20251003,probe00,854,TEa,TEa5,0.33406648397093885,0.7230571323887933
478154,20251003,probe00,856,TEa,TEa5,0.08306495279913939,0.0031826804922936436
478154,20251003,probe00,861,TEa,TEa5,0.717174114966437,9.25181680597742e-05
478154,20251003,probe00,863,TEa,TEa5,0.8442632593470433,0.5799229981531574
478154,20251003,probe00,870,TEa,TEa5,0.30737117692185956,0.347517844194448
478154,20251003,probe00,871,TEa,TEa5,0.18340977877338038,0.0019035173953845241
478154,20251003,probe00,872,TEa,TEa5,0.04861581680684268,0.06848375129439166
478154,20251003,probe00,878,TEa,TEa5,0.5572824412544531,0.4986882611224295
478154,20251003,probe00,880,TEa,TEa5,0.6195254817440897,0.7242954000974657
478154,20251003,probe00,881,TEa,TEa5,0.37005061690288965,0.6964426769128884
478154,20251003,probe00,890,TEa,TEa5,0.16223107856976005,0.11301789201684254
478154,20251003,probe00,891,TEa,TEa5,0.13288016425093307,0.09173956162996144
478154,20251003,probe00,896,TEa,TEa5,0.2692353532548576,0.7226779229128601
478154,20251003,probe00,897,TEa,TEa5,0.5323688008880199,0.0016828097280250365
478154,20251003,probe00,898,TEa,TEa5,0.02490239019057139,0.021431937792517064
478154,20251003,probe00,899,TEa,TEa5,0.26671548635812026,0.0014105616519378694
478154,20251003,probe00,900,TEa,TEa5,0.5606467966793811,0.9824652935919991
478154,20251003,probe00,902,TEa,TEa5,0.5398721023835018,0.35578532977628685
478154,20251003,probe00,903,TEa,TEa5,0.7305383825629519,0.9060995853137308
478154,20251003,probe00,906,TEa,TEa5,0.15987197926559704,0.002705023380897398
478154,20251003,probe00,911,TEa,TEa5,0.7760666623168724,0.025762321371915253
478154,20251003,probe00,913,TEa,TEa5,0.5956916550472622,0.08144480287482514
478154,20251003,probe00,914,TEa,TEa5,0.3715761805651948,0.005852021270493446
478154,20251003,probe00,916,TEa,TEa5,0.6691425249698848,0.0708799972380676
478154,20251003,probe00,918,TEa,TEa5,0.4004284180373975,0.6409037078329954
478154,20251003,probe00,919,TEa,TEa5,0.9776370473581046,5.1485964391306815e-05
478154,20251003,probe00,920,TEa,TEa5,0.4876140919427764,0.3556239435655911
478154,20251003,probe00,921,TEa,TEa5,0.019627414327219816,0.047447887991045046
478154,20251003,probe00,922,TEa,TEa5,0.049004790812160914,0.03308050637188542
478154,20251003,probe00,927,TEa,TEa5,0.06066992856199471,0.11589258862653673
478154,20251003,probe00,929,TEa,TEa5,0.10796385161855271,0.015706627481022584
478154,20251003,probe00,930,TEa,TEa5,0.6542826613237642,0.12760097884876287
478154,20251003,probe00,931,TEa,TEa5,0.39637596186636925,0.004708678315441528
478154,20251003,probe00,933,TEa,TEa5,0.17367004931065433,0.756202101630729
478154,20251003,probe00,935,TEa,TEa5,0.22960447053977306,0.5804297995719838
478154,20251003,probe00,936,TEa,TEa5,0.08641563056266732,0.5700909772437512
478154,20251003,probe00,937,TEa,TEa5,0.5448761636173234,0.003272888494217585
478154,20251003,probe00,939,TEa,TEa5,0.6551241986774528,0.0040810488658510335
478154,20251003,probe00,940,TEa,TEa5,0.9128626682311943,0.0034912020967651225
478154,20251003,probe00,942,TEa,TEa5,0.3776183970819035,0.6840651655957901
478154,20251003,probe00,945,TEa,TEa5,0.01733543940212734,0.03731859728564635
478154,20251003,probe00,946,TEa,TEa5,0.705786004588182,
478154,20251003,probe00,948,TEa,TEa5,0.7579579443160984,0.699356036179478
478154,20251003,probe00,949,TEa,TEa5,0.0109501676117999,0.014683157769739053
478154,20251003,probe00,952,TEa,TEa5,0.8502080937944446,0.02111960886055375
478154,20251003,probe00,953,TEa,TEa5,0.7384077643680658,0.40293644850356725
478154,20251003,probe00,957,TEa,TEa5,0.4903091900079739,0.0015004598524701596
478154,20251003,probe00,958,VIS,VISli5,0.16781691387386766,0.39657649089087965
478154,20251003,probe00,959,TEa,TEa5,0.8107649663131239,0.048605532356402525
478154,20251003,probe00,964,TEa,TEa5,0.24441102468756615,0.0014231906148843843
478154,20251003,probe00,971,TEa,TEa5,0.1942071742937833,0.000596015625684565
478154,20251003,probe00,972,TEa,TEa5,0.3856614691324485,0.0024624384879632366
478154,20251003,probe00,974,VIS,VISli5,0.8699045403495386,0.013587406669286262
478154,20251003,probe00,976,VIS,VISli5,0.9370801487924157,0.30211216706702193
478154,20251003,probe00,979,VIS,VISli5,0.5537242574020955,0.21694485960544463
478154,20251003,probe00,984,VIS,VISli5,0.7495849730167718,0.8676181992717902
478154,20251003,probe00,985,VIS,VISli5,0.46305134575173423,0.033770064888535734
478154,20251003,probe00,988,VIS,VISli5,0.5038319424586237,0.01189866740439649
478154,20251003,probe00,990,VIS,VISli5,0.4065341924775018,0.006674742491577401
478154,20251003,probe00,993,VIS,VISli5,0.0336223888541165,0.17157541120767983
478154,20251003,probe00,994,VIS,VISli5,0.8881281875694671,0.010401153733993973
478154,20251003,probe00,995,VIS,VISli5,0.4659668081928895,0.14216586704342038
478154,20251003,probe00,996,VIS,VISli5,0.6290244723801364,0.00011048655818179931
478154,20251003,probe00,998,VIS,VISli5,0.21508957747394764,0.003605960215791182
478154,20251003,probe00,999,VIS,VISli5,0.15845174437757148,0.04829828179984108
478154,20251003,probe00,1000,VIS,VISli5,0.906272577874134,0.001429080209109479
478154,20251003,probe00,1001,VIS,VISli5,0.6118463831919354,0.1180219207466503
478154,20251003,probe00,1003,VIS,VISli5,0.529388700400533,0.0003312082015535234
478154,20251003,probe00,1006,VIS,VISli5,0.24539956902583804,0.7787816847928039
478154,20251003,probe00,1007,VIS,VISli5,0.42364518248292005,0.0011544207051021882
478154,20251003,probe00,1010,VIS,VISli5,0.17044709572216865,0.0007222038765847261
478154,20251003,probe00,1011,VIS,VISli5,0.30093130191581696,0.5392155243086495
478154,20251003,probe00,1016,VIS,VISli5,0.5538577924221748,0.00038945965825187834
478154,20251003,probe00,1019,VIS,VISli5,0.6996103590782023,0.6603432815228543
478154,20251003,probe00,1020,VIS,VISli5,0.47027475833046195,0.2578592906373258
478154,20251003,probe00,1023,VIS,VISli5,0.589123443197453,0.7439594473205386
478154,20251003,probe00,1027,VIS,VISli5,0.3159895549211994,0.012968417582070457
478154,20251003,probe00,1029,VIS,VISli5,0.9366191396079699,0.010589071193379929
478154,20251003,probe00,1033,VIS,VISli5,0.5134701379565827,0.023195230568121672
478154,20251003,probe00,1034,VIS,VISli5,0.6458681499036193,0.04755804138432984
478154,20251003,probe00,1037,VIS,VISli5,0.6041386346950657,0.0954252900185828
478154,20251003,probe00,1038,VIS,VISli5,0.024593072197945487,0.00234318378990217
478154,20251003,probe00,1040,VIS,VISli5,0.2293376104931798,0.021390415511984506
478154,20251003,probe00,1042,VIS,VISli5,0.22232699731739958,0.1453767138766141
478154,20251003,probe00,1044,VIS,VISli5,0.12393738671468446,0.015905881993921844
478154,20251003,probe00,1045,VIS,VISli5,0.030041543582270847,0.017822902110400163
478154,20251003,probe00,1047,VIS,VISli5,0.663589789073036,0.0047665673342423
478154,20251003,probe00,1048,VIS,VISli5,0.4248813310572558,0.015422144631174639
478154,20251003,probe00,1049,VIS,VISli5,0.23070176847421875,0.0004798197656853409
478154,20251003,probe00,1050,VIS,VISli5,0.2686239401122227,0.004801760137760236
478154,20251003,probe00,1051,VIS,VISli5,0.36944525639309356,0.038750855014388685
478154,20251003,probe00,1053,VIS,VISli5,0.07681318732573983,0.019281852896220752
478154,20251003,probe00,1055,VIS,VISli5,0.22672538060654257,0.32511000868702156
478154,20251003,probe00,1057,VIS,VISli5,0.3295091512396361,0.45964944167895716
478154,20251003,probe00,1062,VIS,VISli5,0.20238243067660533,0.0678025439511244
478154,20251003,probe00,1063,VIS,VISli5,0.28211749369378636,0.8346424196165882
478154,20251003,probe00,1067,VIS,VISli5,0.29539549270974375,0.4534150851185067
478154,20251003,probe00,1071,VIS,VISl5,0.21094562171645637,0.05265866287003618
478154,20251003,probe00,1073,VIS,VISl5,0.3926703012840367,0.09041822428182567
478154,20251003,probe00,1078,VIS,VISl5,0.33140771264584823,0.10306859030031623
478154,20251003,probe00,1081,VIS,VISl5,0.1748478451490244,0.28402264264277255
478154,20251003,probe00,1082,VIS,VISl5,0.010764489142728206,0.08567939669472191
478154,20251003,probe00,1087,VIS,VISl5,0.7057065669575999,0.006978980514523947
478154,20251003,probe00,1089,VIS,VISl5,0.28594010892270727,0.3604436564141176
478154,20251003,probe00,1090,VIS,VISl5,0.24769735466807952,0.5808841568161403
478154,20251003,probe00,1092,VIS,VISl5,0.3756820171099233,0.08134934302934171
478154,20251003,probe00,1093,VIS,VISl5,0.2471939483655622,0.6421888415116497
478154,20251003,probe00,1094,VIS,VISl5,0.19492416264409418,0.0004902704602385288
478154,20251003,probe00,1098,VIS,VISl5,0.15600136983085255,0.7307676782420257
478154,20251003,probe00,1099,VIS,VISl5,0.9652967171023413,0.6764407746059997
478154,20251003,probe00,1105,VIS,VISl5,0.2595636006961106,0.26859985570511336
478154,20251003,probe00,1114,VIS,VISl5,0.13482253808048184,0.08239968906756356
478154,20251003,probe00,1119,VIS,VISl5,0.7731014150150937,0.00838055699497886
478154,20251003,probe00,1120,VIS,VISl5,0.1348495933821965,0.7300559716986559
478154,20251003,probe00,1132,VIS,VISl4,0.912210670616268,0.2945203825352696
478154,20251003,probe00,1156,VIS,VISl4,0.2801654666460198,0.012294036968729882
478154,20251003,probe00,1169,VIS,VISl4,0.5319519328414029,0.0015021191003188328
478154,20251003,probe00,1174,VIS,VISl4,0.40883695611409543,0.042033271068041
478154,20251003,probe00,1184,VIS,VISl4,0.9530981837536123,0.32032170102460567
478154,20251003,probe00,1186,VIS,VISl4,0.04786371540901169,0.057935274470062414
478154,20251003,probe00,1187,VIS,VISl4,0.2885085558756645,0.005359550141999292
478154,20251003,probe00,1189,VIS,VISl4,0.5483565306555143,5.849732775509153e-05
478154,20251003,probe00,1207,VIS,VISal2/3,0.06896227872767213,0.441670177594339
478154,20251003,probe00,1223,VIS,VISal2/3,0.8187888059071983,0.1091972307807193
478154,20251003,probe01,0,root,DG-po,0.29310704723730086,0.01826724141911773
478154,20251003,probe01,1,root,DG-po,0.15501350419210824,0.013198455948799759
478154,20251003,probe01,3,root,DG-po,0.29995045449128266,0.00047564695416024705
478154,20251003,probe01,4,root,DG-po,0.002496000908282281,0.20707174205034462
478154,20251003,probe01,7,root,DG-po,0.9286390919451164,0.027376438177955098
478154,20251003,probe01,8,root,DG-po,0.6726765771604305,0.2155563988914344
478154,20251003,probe01,12,root,DG-po,0.0717670338943398,0.015457362559318732
478154,20251003,probe01,15,root,DG-po,0.35702795489096273,0.02562051334682347
478154,20251003,probe01,18,root,DG-po,0.8029122848975748,0.039668233966701494
478154,20251003,probe01,19,root,DG-po,0.11474363548484634,0.054475569200989504
478154,20251003,probe01,21,root,DG-po,0.013511485863480277,0.623777670950647
478154,20251003,probe01,22,root,DG-po,0.566618541125434,0.615660657018291
478154,20251003,probe01,24,root,DG-po,0.6099256706657198,0.3184975600993809
478154,20251003,probe01,28,root,DG-po,0.3544598127788735,0.7526738835017399
478154,20251003,probe01,29,root,DG-po,0.584624816472181,9.646849763700338e-05
478154,20251003,probe01,30,root,DG-po,0.05975068873583622,0.007324565113853376
478154,20251003,probe01,33,root,DG-po,0.10408638405034065,0.024458993931243178
478154,20251003,probe01,36,root,DG-po,0.0792231972654257,0.003210627501277874
478154,20251003,probe01,37,root,DG-po,0.05081815880050722,1.8654947171903302e-05
478154,20251003,probe01,39,root,DG-po,0.02991422643444519,0.33735009797112503
478154,20251003,probe01,45,root,DG-po,0.1831173408389607,0.00043734011408280704
478154,20251003,probe01,48,root,DG-sg,0.12504533980247556,0.3218932621608802
478154,20251003,probe01,49,root,DG-sg,0.7240292102885374,0.21833960412956954
478154,20251003,probe01,51,root,DG-sg,0.2944262805198331,0.2552756978817683
478154,20251003,probe01,56,root,DG-sg,0.12828362127737736,0.0009803665016102636
478154,20251003,probe01,57,root,DG-sg,0.3625395694110416,0.07369938012495558
478154,20251003,probe01,63,root,DG-sg,0.4012709064552987,0.005929382140938522
478154,20251003,probe01,64,root,DG-sg,0.1229488102042594,0.12723583605991562
478154,20251003,probe01,66,root,DG-sg,0.7464739003432456,0.017023681043137118
478154,20251003,probe01,70,root,DG-sg,0.22584491943616913,0.6005433610003438
478154,20251003,probe01,71,root,DG-sg,0.02358887649056851,0.00544324292473175
478154,20251003,probe01,73,root,DG-sg,0.46429909325096663,0.0019794037574770718
478154,20251003,probe01,74,root,DG-sg,0.8700463973755226,0.1221048881617709
478154,20251003,probe01,81,root,DG-sg,0.7926903968164184,0.8351531238705702
478154,20251003,probe01,82,root,DG-sg,0.7345634847093967,0.6944761601908397
478154,20251003,probe01,84,root,DG-mo,0.8668990845842623,0.41744530493409004
478154,20251003,probe01,85,root,DG-mo,0.4679439057754189,0.007623845801192131
478154,20251003,probe01,91,root,DG-mo,0.5828525383903143,0.9321212639730071
478154,20251003,probe01,94,root,DG-mo,0.1353609917752191,0.015157993347586829
478154,20251003,probe01,100,root,DG-mo,0.21429243334885206,0.005500851864350342
478154,20251003,probe01,105,root,DG-mo,0.13382357976052228,0.024050382898989087
478154,20251003,probe01,132,CA1,CA1,0.3349187940323417,0.47727967254825165
478154,20251003,probe01,134,CA1,CA1,0.09816547922172125,0.0021983681588597648
478154,20251003,probe01,137,CA1,CA1,0.9487154772072642,0.011324379668722906
478154,20251003,probe01,141,CA1,CA1,0.7812647028757297,0.4956574570356469
478154,20251003,probe01,149,CA1,CA1,0.10370073989605733,0.923473555806611
478154,20251003,probe01,150,CA1,CA1,0.8710018663837883,0.31827566391052553
478154,20251003,probe01,151,CA1,CA1,0.09895995286537351,0.5306039476128297
478154,20251003,probe01,156,CA1,CA1,0.8853816761401362,6.21180178761449e-05
478154,20251003,probe01,158,CA1,CA1,,
478154,20251003,probe01,160,CA1,CA1,0.5205716063867416,2.438224052481175e-05
478154,20251003,probe01,163,CA1,CA1,0.42467533763059906,0.08745928866735209
478154,20251003,probe01,165,CA1,CA1,0.7338897752310689,0.22675823697015962
478154,20251003,probe01,167,CA1,CA1,0.9053226895075364,0.2905819128739573
478154,20251003,probe01,171,CA1,CA1,0.6476387710061458,0.0014094148717150867
478154,20251003,probe01,178,root,DG-sg,0.9077556091099379,0.11102317910801551
478154,20251003,probe01,179,root,DG-sg,0.2681458210123674,0.00623421609106789
478154,20251003,probe01,180,root,DG-sg,0.1889541873504893,0.005199029606415606
478154,20251003,probe01,182,root,DG-sg,0.9026541372451554,0.5577410854967481
478154,20251003,probe01,185,root,DG-sg,0.1781407866931256,0.03582434071293272
478154,20251003,probe01,186,root,DG-sg,0.23288739122354152,0.2195253150819969
478154,20251003,probe01,189,root,DG-sg,0.3119942886478003,0.1003268958439808
478154,20251003,probe01,191,root,DG-sg,0.7331076037619019,0.027794812203130403
478154,20251003,probe01,214,CA1,CA1,0.19258966618885953,0.9354216506876888
478154,20251003,probe01,220,CA1,CA1,0.2603087545280316,0.1672656418278634
478154,20251003,probe01,221,CA1,CA1,0.35173314986406556,0.8804002273347251
478154,20251003,probe01,222,CA1,CA1,0.9275074239335328,0.016152920193989506
478154,20251003,probe01,224,CA1,CA1,0.5068887984099857,0.4369924734886611
478154,20251003,probe01,233,CA1,CA1,0.18864238481148476,0.6544460615632074
478154,20251003,probe01,239,CA1,CA1,0.4320899129492053,0.09103973392598519
478154,20251003,probe01,240,CA1,CA1,0.19756927282121794,0.40184179389024455
478154,20251003,probe01,241,CA1,CA1,0.31471169960904843,0.07038320487452354
478154,20251003,probe01,247,CA1,CA1,0.8334394720662025,0.010801342827870375
478154,20251003,probe01,252,CA1,CA1,0.6359467400390262,0.7437153759967601
478154,20251003,probe01,253,CA1,CA1,0.20212619727642,0.2623502091136275
478154,20251003,probe01,255,CA1,CA1,,
478154,20251003,probe01,262,CA1,CA1,0.11536044533181289,0.7359821042677062
478154,20251003,probe01,263,CA1,CA1,0.3394896809536284,0.8086241944829128
478154,20251003,probe01,264,CA1,CA1,0.46692852006549534,0.6686833272269483
478154,20251003,probe01,265,CA1,CA1,0.923716569656946,0.2589633771747071
478154,20251003,probe01,268,CA1,CA1,0.40787558364679655,0.1958788535305629
478154,20251003,probe01,270,CA1,CA1,0.6679997237631986,0.8097669220916758
478154,20251003,probe01,275,CA1,CA1,0.3786542587684496,0.38555194396768644
478154,20251003,probe01,276,CA1,CA1,0.23885670117328628,0.33713911183621126
478154,20251003,probe01,277,CA1,CA1,0.5763939064644992,0.7167701300570404
478154,20251003,probe01,284,CA1,CA1,0.4206852141152587,0.8823789003343951
478154,20251003,probe01,288,CA1,CA1,0.6509318996159708,0.5694049192474424
478154,20251003,probe01,295,CA1,CA1,0.6929358532534247,0.49811821322892635
478154,20251003,probe01,298,CA1,CA1,0.503107058301147,0.8640886342653569
478154,20251003,probe01,299,CA1,CA1,0.6074731298837179,0.0002507712274929519
478154,20251003,probe01,300,CA1,CA1,0.9098288819316244,0.14358989162368396
478154,20251003,probe01,302,CA1,CA1,0.9593628537722623,0.0005045500932113756
478154,20251003,probe01,303,CA1,CA1,0.5317847049481491,0.8270638919855369
478154,20251003,probe01,306,CA1,CA1,0.2943075834587062,0.001223709773349957
478154,20251003,probe01,312,CA1,CA1,0.3657805619535627,0.4696537359097399
478154,20251003,probe01,319,CA1,CA1,0.671001941526517,0.4153768977174924
478154,20251003,probe01,328,CA1,CA1,0.8728882723445618,0.7819197225141271
478154,20251003,probe01,331,CA1,CA1,,0.6306970952318913
478154,20251003,probe01,353,CA1,CA1,0.14443724303458272,0.18855369483122852
478154,20251003,probe01,358,CA1,CA1,0.7481513416965504,0.20674159005890125
478154,20251003,probe01,364,CA1,CA1,0.6547274958730431,0.7917609009497715
478154,20251003,probe01,366,CA1,CA1,0.6098853812587459,0.26032297303308094
478154,20251003,probe01,367,CA1,CA1,0.6502769548860823,0.5805057749809344
478154,20251003,probe01,370,CA1,CA1,0.5865809597175351,0.35919121360874384
478154,20251003,probe01,379,CA1,CA1,0.28131382896085966,0.16905689721969352
478154,20251003,probe01,386,CA1,CA1,0.8891718059990917,0.6316667856089564
478154,20251003,probe01,389,CA1,CA1,0.2643013980286053,0.12780216454049287
478154,20251003,probe01,391,CA1,CA1,0.2614263015161741,0.39747860548231495
478154,20251003,probe01,394,CA1,CA1,0.5573981672014734,0.051940718926421825
478154,20251003,probe01,409,CA1,CA1,0.8871878494659882,0.6132653875641358
478154,20251003,probe01,410,CA1,CA1,0.6328119542941528,0.772242965204492
478154,20251003,probe01,416,CA1,CA1,0.8292096183816948,0.1833348500024602
478154,20251003,probe01,421,CA1,CA1,0.29626081237994883,0.5160578336255165
478154,20251003,probe01,422,CA1,CA1,0.7255278946056001,0.14223037630889512
478154,20251003,probe01,426,CA1,CA1,0.8468996376735171,0.6833822210559355
478154,20251003,probe01,428,CA1,CA1,0.11691971404294288,0.22391446623078304
478154,20251003,probe01,435,CA1,CA1,0.36539862461262296,0.0034957233738859284
478154,20251003,probe01,436,CA1,CA1,0.09089557403961068,0.33259685325551835
478154,20251003,probe01,437,CA1,CA1,0.4296318547273137,0.9672088000790175
478154,20251003,probe01,438,CA1,CA1,0.08606680055089566,0.0003600877313763018
478154,20251003,probe01,440,CA1,CA1,0.6691664730713609,0.5721642383381977
478154,20251003,probe01,444,CA1,CA1,0.34642896505887133,0.8908602226687765
478154,20251003,probe01,449,CA1,CA1,0.5721352846234211,0.4981261392897446
478154,20251003,probe01,453,CA1,CA1,0.41996226946183324,0.012532167575943776
478154,20251003,probe01,454,CA1,CA1,0.3733236266077343,0.055507304783929734
478154,20251003,probe01,456,CA1,CA1,0.21050658089014507,0.004995944309483469
478154,20251003,probe01,457,CA1,CA1,0.1704068013378739,0.654499579623115
478154,20251003,probe01,464,CA1,CA1,0.11125428916593127,0.04884236008552689
478154,20251003,probe01,465,CA1,CA1,0.37407164212644717,2.2461660444839104e-05
478154,20251003,probe01,499,CA1,CA1,0.25773362443606773,0.6230471197871266
478154,20251003,probe01,557,CA1,CA1,0.34468096065104126,0.6947113477426154
478154,20251003,probe01,561,CA1,CA1,0.33557266011983067,0.03434366222055085
478154,20251003,probe01,570,CA1,CA1,0.24307333978016088,0.4997384316899497
478154,20251003,probe01,571,CA1,CA1,0.9155026701317847,0.04360531405399459
478154,20251003,probe01,574,CA1,CA1,0.6792720311261178,0.7903482059908326
478154,20251003,probe01,579,CA1,CA1,0.32854960913633535,0.14697511511524164
478154,20251003,probe01,582,CA1,CA1,0.6099345012395967,0.002597811083867696
478154,20251003,probe01,592,CA1,CA1,0.659416155161702,0.5111084979296747
478154,20251003,probe01,593,CA1,CA1,0.9285352154147745,0.01904546484593328
478154,20251003,probe01,594,CA1,CA1,0.11146544201059316,0.059135269017441816
478154,20251003,probe01,603,CA1,CA1,0.08316712088414036,0.21132468264437743
478154,20251003,probe01,604,CA1,CA1,0.4639747520193549,0.6474936914425069
478154,20251003,probe01,605,CA1,CA1,0.11875115637166711,0.47434542609661834
478154,20251003,probe01,608,CA1,CA1,0.5682374816323001,0.4565730341229407
478154,20251003,probe01,613,CA1,CA1,0.49867750094665175,0.4493155246412881
478154,20251003,probe01,614,CA1,CA1,0.9444029128439314,0.0508749048390581
478154,20251003,probe01,625,CA1,CA1,0.3439821555904842,0.08222206388720821
478154,20251003,probe01,627,CA1,CA1,0.884344616746684,0.00022495795808774588
478154,20251003,probe01,636,CA1,CA1,0.2791325593778272,0.20054131597264824
478154,20251003,probe01,657,CA1,CA1,0.3922954953638792,0.40127452820054277
478154,20251003,probe01,660,CA1,CA1,0.4046026869578705,0.543847046301174
478154,20251007,probe00,1,CA1,CA1,0.27226573251630337,0.44913935851734976
478154,20251007,probe00,13,CA1,CA1,0.6043105885401715,0.7311880388504715
478154,20251007,probe00,15,CA1,CA1,0.9549224698178187,0.6418554343854437
478154,20251007,probe00,16,CA1,CA1,0.611453311191231,0.7710134682205543
478154,20251007,probe00,21,CA1,CA1,0.3874148947394742,0.22976147940168246
478154,20251007,probe00,24,CA1,CA1,0.09725546292897824,0.3234608204184586
478154,20251007,probe00,30,CA1,CA1,0.11288444201760117,0.7735031154408001
478154,20251007,probe00,33,CA1,CA1,0.29579873955864266,0.7752408637798524
478154,20251007,probe00,36,CA1,CA1,0.45654607136213043,0.5304156999038434
478154,20251007,probe00,39,CA1,CA1,0.17216971931992298,0.2504674577088498
478154,20251007,probe00,43,CA1,CA1,0.15856399536985955,0.5170142918839321
478154,20251007,probe00,44,CA1,CA1,0.23039631993789556,0.19714309665417018
478154,20251007,probe00,45,CA1,CA1,0.13894195417574473,0.28900876241057416
478154,20251007,probe00,48,CA1,CA1,0.39363806815280267,0.4741179656354093
478154,20251007,probe00,52,CA1,CA1,0.4480438365832924,0.5647629613486158
478154,20251007,probe00,60,CA1,CA1,0.8059594891663477,0.8489193837493553
478154,20251007,probe00,74,CA1,CA1,0.6392478410945869,0.8189472651063324
478154,20251007,probe00,79,CA1,CA1,0.5996006150740849,0.7953397459123364
478154,20251007,probe00,95,CA1,CA1,0.6038476532216303,0.6321827075760864
478154,20251007,probe00,118,CA1,CA1,0.2133756985859635,0.7123533872257015
478154,20251007,probe00,126,CA1,CA1,0.6509440890986571,0.8312749137130019
478154,20251007,probe00,175,CA1,CA1,0.19835434746525915,0.22366491468121674
478154,20251007,probe00,242,CA1,CA1,0.37155659670575736,0.20071140373513285
478154,20251007,probe00,264,CA1,CA1,0.13957973673699675,0.12700583912352403
478154,20251007,probe00,268,CA1,CA1,,
478154,20251007,probe00,285,CA1,CA1,0.23960450522319254,0.5158877348441853
478154,20251007,probe00,293,CA1,CA1,0.6456508380735662,0.38612117722439554
478154,20251007,probe00,339,CA1,CA1,0.6746257345725112,0.589482775596551
478154,20251007,probe00,342,CA1,CA1,0.03539915354020684,0.41137595251880776
478154,20251007,probe00,356,CA1,CA1,0.86683242773863,0.9401041545814306
478154,20251007,probe00,407,CA1,CA1,0.5518315247133534,0.35744695111057057
478154,20251007,probe00,409,CA1,CA1,0.7793724391606679,0.8262796409286307
478154,20251007,probe00,415,CA1,CA1,0.17882243391426844,0.31869612311490303
478154,20251007,probe00,490,CA1,CA1,0.14740272343152094,0.8650130450721628
478154,20251007,probe00,492,CA1,CA1,0.7960041642608746,0.8727481536062645
478154,20251007,probe00,508,CA1,CA1,0.2521989725959852,0.7926345155077759
478154,20251007,probe00,525,CA1,CA1,0.7721253231890362,0.98234452072984
478154,20251007,probe00,550,CA1,CA1,0.8051424171546577,0.6066433934268459
478154,20251007,probe00,558,CA1,CA1,0.6220834380627345,0.3470045232155712
478154,20251007,probe00,559,CA1,CA1,0.32565620897522085,0.42992892329342014
478154,20251007,probe00,566,CA1,CA1,0.6528401702731337,0.6762689584413957
478154,20251007,probe00,568,CA1,CA1,0.4217897423267498,0.7256288926014914
478154,20251007,probe00,569,CA1,CA1,0.6421186277943436,0.28193193731968313
478154,20251007,probe00,618,CA1,CA1,0.06615349634233536,0.6643729961206069
478154,20251007,probe00,620,CA1,CA1,0.4252536138864441,0.6163429577386076
478154,20251007,probe00,769,CA1,CA1,0.3559239887308062,0.5551344123060422
478154,20251007,probe00,790,CA1,CA1,0.4311277932533977,
478154,20251007,probe00,794,CA1,CA1,0.5170027165499681,0.5061490603618857
478154,20251007,probe00,807,CA1,CA1,0.8875110306571696,0.6518957048833186
478154,20251007,probe00,811,CA1,CA1,0.048686287009713114,0.2925903518008107
478154,20251007,probe00,838,CA1,CA1,0.7190280162103206,0.538740567208779
478154,20251007,probe00,849,CA1,CA1,0.5144318836779671,0.8985701525929338
478154,20251007,probe00,866,CA1,CA1,0.25960621516058346,0.370104819991411
478154,20251007,probe00,876,CA1,CA1,0.8680435545831949,0.7620286049007557
478154,20251007,probe00,885,CA1,CA1,0.16417022965981765,0.220014733828388
478154,20251007,probe00,898,CA1,CA1,0.6405112043463883,0.18591575958068152
478154,20251007,probe00,902,CA1,CA1,0.7345949308267614,0.8342551566298431
478154,20251007,probe00,1060,CA1,CA1,0.5880579781402544,0.9929593348626073
478154,20251007,probe00,1062,CA1,CA1,0.31606048824701405,0.8608852797992887
478154,20251007,probe00,1089,CA1,CA1,0.480160036908308,0.531131033374497
478154,20251007,probe00,1119,CA1,CA1,0.9281163696609455,0.9149367140026095
478154,20251007,probe00,1137,CA1,CA1,0.6272311283231706,0.4854430045081617
478154,20251008,probe00,30,LEC,ENTl2,0.7416338546661821,0.411081903864843
478154,20251008,probe00,41,LEC,ENTl2,0.3750021912563406,0.8628488301104639
478154,20251008,probe00,44,LEC,ENTl2,0.7809016552731206,0.8413792707867287
478154,20251008,probe00,47,LEC,ENTl2,0.4962796699882799,0.5936912398573075
478154,20251008,probe00,50,LEC,ENTl2,0.8737609227600026,0.27424748168896973
478154,20251008,probe00,60,LEC,ENTl2,0.9426856724740744,0.797948809948806
478154,20251008,probe00,63,LEC,ENTl2,0.16092442364912074,0.18043192285744858
478154,20251008,probe00,64,LEC,ENTl2,0.12922607316895396,0.9761967137836147
478154,20251008,probe00,66,LEC,ENTl2,0.6227801072611068,0.9235767872886628
478154,20251008,probe00,70,LEC,ENTl2,0.6405458210923736,0.025195311962755707
478154,20251008,probe00,80,LEC,ENTl2,0.42705477757581944,0.37298424037060296
478154,20251008,probe00,81,LEC,ENTl2,0.025039442954314817,0.07765356619472152
478154,20251008,probe00,82,LEC,ENTl2,0.6613016246962387,0.7071205411048128
478154,20251008,probe00,85,LEC,ENTl2,0.9041529462146559,0.04244258226767195
478154,20251008,probe00,88,LEC,ENTl2,0.09334083134895033,0.164290636352301
478154,20251008,probe00,90,LEC,ENTl2,0.5059392199682696,0.8753384357830426
478154,20251008,probe00,95,LEC,ENTl2,0.312203218991554,0.31071354994140576
478154,20251008,probe00,97,LEC,ENTl2,0.23840844799931782,0.19625196078722007
478154,20251008,probe00,98,LEC,ENTl2,0.04808586029456774,0.3759917619244293
478154,20251008,probe00,100,LEC,ENTl2,0.2002739062785457,0.18671294693976315
478154,20251008,probe00,101,LEC,ENTl2,0.5552338634059493,0.880221902450232
478154,20251008,probe00,110,LEC,ENTl2,0.5278667946301628,0.04721773772403859
478154,20251008,probe00,111,LEC,ENTl2,0.2316298466673412,0.7736538149875225
478154,20251008,probe00,119,LEC,ENTl2,0.6771521877901165,0.7334067273642884
478154,20251008,probe00,131,PERI,PERI2/3,0.8949415748631615,0.030977704687204843
478154,20251008,probe00,132,PERI,PERI2/3,0.6949152961006251,0.6981270489174478
478154,20251008,probe00,146,PERI,PERI2/3,0.7017132799115009,0.019141674107513995
478154,20251008,probe00,170,PERI,PERI2/3,0.6302664039157262,0.21165399522558292
478154,20251008,probe00,177,PERI,PERI2/3,0.6895750045480484,0.4065004223789883
478154,20251008,probe00,183,PERI,PERI2/3,0.88156043459779,0.23069474394155054
478154,20251008,probe00,186,PERI,PERI2/3,0.906898075394092,0.18347349080897757
478154,20251008,probe00,193,PERI,PERI2/3,,
478154,20251008,probe00,194,PERI,PERI2/3,0.4759975313579281,0.38983975586437447
478154,20251008,probe00,197,PERI,PERI2/3,0.7518318428669485,0.7666304971874791
478154,20251008,probe00,202,PERI,ECT5,0.7961096330780741,0.4892779034968353
478154,20251008,probe00,208,PERI,ECT5,0.7327804175178881,0.006566092877476226
478154,20251008,probe00,209,PERI,ECT5,0.9036437704239941,0.020262486736253194
478154,20251008,probe00,210,PERI,ECT5,0.5695986033529654,0.12081098350051667
478154,20251008,probe00,211,PERI,PERI2/3,0.6239277739347476,0.1515057597072217
478154,20251008,probe00,215,PERI,ECT5,0.7466401345394676,0.20545288390557026
478154,20251008,probe00,220,PERI,ECT5,0.28678537797727843,0.6765920519550577
478154,20251008,probe00,222,PERI,ECT5,0.5951317941073617,0.6302107933852201
478154,20251008,probe00,223,PERI,ECT5,0.9432417464170216,0.20619088876623715
478154,20251008,probe00,227,PERI,ECT5,0.9608902237258442,0.4190607548235824
478154,20251008,probe00,228,PERI,ECT5,0.3546291775782019,0.028214973429941836
478154,20251008,probe00,230,PERI,ECT5,0.3553818670217699,0.7848443093045402
478154,20251008,probe00,231,PERI,ECT5,0.45176666899881646,0.10256281124956901
478154,20251008,probe00,234,PERI,ECT5,0.3050825012664742,0.025347256933027862
478154,20251008,probe00,235,PERI,ECT5,0.7037413634334893,0.6757111595957888
478154,20251008,probe00,236,PERI,ECT5,0.8308432928062323,0.25097965557980606
478154,20251008,probe00,238,PERI,ECT5,0.5316348550492771,0.82585422346608
478154,20251008,probe00,245,PERI,ECT5,0.6322169814842091,0.5332986019825727
478154,20251008,probe00,247,PERI,ECT5,0.33087662039977317,0.48502617131671744
478154,20251008,probe00,249,PERI,ECT5,0.2840332682902378,0.057244823518667776
478154,20251008,probe00,252,PERI,ECT5,0.702468646925909,0.74475192200089
478154,20251008,probe00,254,PERI,ECT5,0.575328854353983,0.3634374585424781
478154,20251008,probe00,257,PERI,ECT5,0.10987404493799913,0.5993651580689383
478154,20251008,probe00,259,PERI,ECT5,0.2425240452129861,0.8480212765340568
478154,20251008,probe00,261,PERI,ECT5,0.6344149162200166,0.824176883182496
478154,20251008,probe00,265,PERI,ECT5,0.45846938835813456,
478154,20251008,probe00,269,PERI,ECT5,0.7433154830183527,0.8127343435782233
478154,20251008,probe00,271,PERI,ECT5,0.415147039282838,0.7520654771626919
478154,20251008,probe00,272,PERI,ECT5,0.9189265559090692,0.16982773270555418
478154,20251008,probe00,273,PERI,ECT5,0.868145904577619,0.5263800063939656
478154,20251008,probe00,275,PERI,ECT5,0.6903036484803424,0.8086392636812145
478154,20251008,probe00,276,PERI,ECT5,0.42847227027294454,0.12050884134796513
478154,20251008,probe00,282,PERI,ECT5,0.19058879139220697,0.11735775493049383
478154,20251008,probe00,285,PERI,ECT5,0.29430721845163255,0.631008811889093
478154,20251008,probe00,288,PERI,ECT5,0.052441051878101774,0.10529373320124358
478154,20251008,probe00,290,PERI,ECT5,0.4944418437009327,0.5015575084565981
478154,20251008,probe00,292,PERI,ECT5,0.5064208334165521,0.7398596560575663
478154,20251008,probe00,294,PERI,ECT5,0.8293344702927176,0.37740691282397254
478154,20251008,probe00,295,PERI,ECT5,0.6883726289335685,0.3071494557739217
478154,20251008,probe00,296,PERI,ECT5,0.5499226741468384,0.4273766849338191
478154,20251008,probe00,297,PERI,ECT5,0.6335526254242523,0.04254249876263827
478154,20251008,probe00,299,PERI,ECT5,0.6667693984301359,0.011803373024276809
478154,20251008,probe00,300,PERI,ECT5,0.582276945072735,0.12496575685311018
478154,20251008,probe00,303,PERI,ECT5,0.36572647791933444,0.6141603547581054
478154,20251008,probe00,305,PERI,ECT5,0.25499356612509183,0.4079236329136017
478154,20251008,probe00,306,PERI,ECT6a,0.2502120245157623,0.1373340790935621
478154,20251008,probe00,314,PERI,ECT6a,0.8761933662517497,0.5222718222263205
478154,20251008,probe00,315,PERI,ECT6a,0.3554915630228257,0.1178105315680501
478154,20251008,probe00,316,PERI,ECT6a,0.7952516863627409,0.45812569463212893
478154,20251008,probe00,317,PERI,ECT6a,0.2749621235829047,0.6102420096203893
478154,20251008,probe00,320,PERI,ECT6a,0.7476126491173049,0.13547416280827396
478154,20251008,probe00,322,TEa,TEa6a,0.4230498883853112,0.7769626245640131
478154,20251008,probe00,323,TEa,TEa6a,0.8579823296359614,0.7473588787329019
478154,20251008,probe00,324,PERI,ECT6a,0.19522360605215816,0.3397052789913312
478154,20251008,probe00,328,TEa,TEa6a,0.11945173630742922,0.18564688276230623
478154,20251008,probe00,329,PERI,ECT6a,0.8883415433423049,0.2205544008441349
478154,20251008,probe00,330,TEa,TEa6a,0.6896570350763449,0.21727404041277365
478154,20251008,probe00,332,TEa,TEa6a,0.8215250755292194,0.10545006185411643
478154,20251008,probe00,333,TEa,TEa6a,0.8986448905330332,0.027596123452212185
478154,20251008,probe00,337,TEa,TEa6a,0.4715051895352158,0.9059419300494425
478154,20251008,probe00,341,TEa,TEa6a,0.9064357275517874,0.6471391420524815
478154,20251008,probe00,344,TEa,TEa6a,0.9339880860923128,0.403909790179648
478154,20251008,probe00,348,TEa,TEa6a,0.2896548461562417,0.11137619216024308
478154,20251008,probe00,349,TEa,TEa6a,0.8586267001061176,0.19947756765544844
478154,20251008,probe00,350,TEa,TEa6a,0.880650436129924,0.9103356766885986
478154,20251008,probe00,356,TEa,TEa6a,0.8216551041231793,0.003383689480172536
478154,20251008,probe00,359,TEa,TEa6a,0.29710667223103016,0.1298461520207862
478154,20251008,probe00,362,TEa,TEa6a,0.7968449883463731,0.02021433464505029
478154,20251008,probe00,363,TEa,TEa6a,0.2380892628316349,0.7506132964594429
478154,20251008,probe00,365,TEa,TEa6a,0.9151203215233789,0.017691901896080164
478154,20251008,probe00,367,TEa,TEa6a,0.49851535996739027,0.009723358600675969
478154,20251008,probe00,370,TEa,TEa6a,0.6116219811958018,0.4542416571415613
478154,20251008,probe00,376,TEa,TEa6a,0.49887358550326244,0.4073209827749428
478154,20251008,probe00,377,TEa,TEa6a,0.6887355270866792,0.5836763667511673
478154,20251008,probe00,379,TEa,TEa6a,0.6298919803233173,0.04926993311351324
478154,20251008,probe00,381,TEa,TEa6a,0.729706592586102,0.7626144631405436
478154,20251008,probe00,382,TEa,TEa6a,0.26259745897502473,0.6267091834020766
478154,20251008,probe00,387,TEa,TEa6a,0.18359020673799709,0.3013361032820253
478154,20251008,probe00,393,TEa,TEa6a,0.9333814007454664,0.11702836033968056
478154,20251008,probe00,394,TEa,TEa6a,0.9439037405268335,0.1594839628758753
478154,20251008,probe00,396,TEa,TEa6a,0.06462986371858803,0.895376739554805
478154,20251008,probe00,409,TEa,TEa6a,0.9200628288243125,0.8244087831299383
478154,20251008,probe00,410,TEa,TEa6a,0.13454898800109882,0.23321216685042323
478154,20251008,probe00,411,TEa,TEa6a,0.3189573522209066,0.9131715742049604
478154,20251008,probe00,415,TEa,TEa6a,0.6476880392894062,0.4819273226330647
478154,20251008,probe00,416,TEa,TEa6a,0.9741861339953752,0.20711591526443607
478154,20251008,probe00,417,TEa,TEa6a,0.6055375792225247,0.7280376058927529
478154,20251008,probe00,424,TEa,TEa6a,0.9129320800206887,0.27843107579242266
478154,20251008,probe00,428,TEa,TEa6a,0.6294570046168207,0.03843041578734041
478154,20251008,probe00,429,TEa,TEa6a,0.6064310160184279,0.4623628008684112
478154,20251008,probe00,430,TEa,TEa6a,0.21994035822357838,0.018999316949702694
478154,20251008,probe00,432,TEa,TEa6a,0.6842815408594194,0.6415434061266034
478154,20251008,probe00,434,TEa,TEa6a,0.3077681698112743,0.09603225840975405
478154,20251008,probe00,436,TEa,TEa6a,0.39149841837692156,0.0068666318677157445
478154,20251008,probe00,437,TEa,TEa6a,0.5205256984910145,0.011464644929462198
478154,20251008,probe00,438,TEa,TEa6a,0.034906501132328516,0.054497011687238195
478154,20251008,probe00,440,TEa,TEa6a,0.3169001864415776,0.3822594374827426
478154,20251008,probe00,441,TEa,TEa6a,0.8485475540801779,0.5641432980481615
478154,20251008,probe00,443,TEa,TEa6a,0.8144624267132867,0.8046822977791055
478154,20251008,probe00,444,TEa,TEa6a,0.8336779431192891,0.28351304015836665
478154,20251008,probe00,454,TEa,TEa6a,0.471088856807777,0.2828372926590962
478154,20251008,probe00,455,TEa,TEa6a,0.914043462466743,0.8513530964032306
478154,20251008,probe00,456,TEa,TEa6a,0.5234153705284361,0.09247226045303414
478154,20251008,probe00,457,TEa,TEa6a,0.880194312226868,0.9438432530513895
478154,20251008,probe00,459,TEa,TEa6a,0.7195967548500085,0.6456801697631989
478154,20251008,probe00,460,TEa,TEa6a,0.39365854858476623,0.3686405559760608
478154,20251008,probe00,461,TEa,TEa6a,0.5930544160536436,0.6725227608638876
478154,20251008,probe00,465,TEa,TEa6a,0.13588438397367109,0.5598034222875865
478154,20251008,probe00,466,TEa,TEa6a,0.5858208227313029,0.019260596602595825
478154,20251008,probe00,469,TEa,TEa6a,0.7174849436558075,0.7733764553045683
478154,20251008,probe00,470,TEa,TEa6a,0.868962971816836,0.3196468973661487
478154,20251008,probe00,473,TEa,TEa6a,0.30481808545413225,0.5775890720804095
478154,20251008,probe00,477,AUD,AUDv6a,0.6398068920779467,0.8988847598299146
478154,20251008,probe00,478,AUD,AUDv6a,0.8118265106517859,0.14476379776488835
478154,20251008,probe00,482,AUD,AUDv6a,0.3079356530881662,0.4230721826721664
478154,20251008,probe00,484,AUD,AUDv6a,0.9740231532670862,0.7343750871937094
478154,20251008,probe00,485,TEa,TEa6a,0.8995397370253172,0.884714311152273
478154,20251008,probe00,486,TEa,TEa6a,0.8777040257302839,0.006485536067288966
478154,20251008,probe00,487,TEa,TEa6a,0.35010975632609764,0.04163450480123487
478154,20251008,probe00,488,AUD,AUDv6a,0.6855636187149348,0.6098288016089968
478154,20251008,probe00,498,AUD,AUDv6a,0.6492435691902855,0.10749649115584847
478154,20251008,probe00,503,AUD,AUDv6a,0.5311526734708643,0.8114766142599785
478154,20251008,probe00,506,AUD,AUDv6a,0.6313283462522419,0.3936199540462192
478154,20251008,probe00,508,AUD,AUDv6a,0.18670007513562115,0.553764866122149
478154,20251008,probe00,509,AUD,AUDv6a,0.4559456921904066,0.004036979727825241
478154,20251008,probe00,511,AUD,AUDv6a,0.8096027870254814,0.870586584410083
478154,20251008,probe00,512,AUD,AUDv6a,0.3787065474989426,0.0013082470810653613
478154,20251008,probe00,515,AUD,AUDv6a,0.8224471358333227,0.7689062539795177
478154,20251008,probe00,521,AUD,AUDv6a,0.4886434074270275,0.34978842182424486
478154,20251008,probe00,529,AUD,AUDv6a,0.3926536002841915,0.7225246577357136
478154,20251008,probe00,536,AUD,AUDv6a,0.2726142524432944,0.1988568297683807
478154,20251008,probe00,537,AUD,AUDv6a,0.1025255387399936,0.481054879116506
478154,20251008,probe00,538,AUD,AUDv6a,0.3319575319857003,0.4609436694708041
478154,20251008,probe00,541,AUD,AUDv6a,0.8556114772757669,0.5534547159094443
478154,20251008,probe00,545,AUD,AUDv6a,0.5223514115874941,0.935968889467468
478154,20251008,probe00,548,AUD,AUDv6a,0.9084901777994272,0.7121120635423043
478154,20251008,probe00,558,AUD,AUDv6a,0.5672057439749237,0.5411002271742458
478154,20251008,probe00,560,AUD,AUDv6a,0.8184874231109974,0.7814773646665494
478154,20251008,probe00,562,AUD,AUDv6a,0.4534372721561791,0.15166087315427268
478154,20251008,probe00,568,AUD,AUDv6a,0.27785680793407175,0.6973450018705596
478154,20251008,probe00,569,AUD,AUDv6a,0.8147064366739498,0.7423241887847336
478154,20251008,probe00,571,AUD,AUDv6a,0.39154254151866197,0.08129546049201186
478154,20251008,probe00,586,AUD,AUDv6a,0.6648802656661019,0.03657660396490425
478154,20251008,probe00,591,AUD,AUDv6a,0.7851675765905861,0.3594128147234409
478154,20251008,probe00,592,AUD,AUDp6a,0.5577510076139954,0.07664831841411424
478154,20251008,probe00,593,AUD,AUDp6a,0.6755224389179982,0.5092313031531794
478154,20251008,probe00,595,AUD,AUDp6a,0.7476743194719084,0.5570696152681622
478154,20251008,probe00,602,AUD,AUDp6a,0.36413969517301226,0.9597464748715686
478154,20251008,probe00,605,AUD,AUDp6a,0.9064967531650348,0.038255984469606985
478154,20251008,probe00,606,AUD,AUDp6a,0.7614642581880721,0.6379726235541434
478154,20251008,probe00,618,AUD,AUDp6a,0.7876560895941157,0.0937129908481632
478154,20251008,probe00,619,AUD,AUDp6a,0.6619763388988313,0.7915376016692406
478154,20251008,probe00,621,AUD,AUDp6a,0.8256246963328173,0.9161673424795539
478154,20251008,probe00,623,AUD,AUDp6a,0.30427459176530625,0.6914729831627464
478154,20251008,probe00,626,AUD,AUDp6a,0.6753844882082978,0.5669934902501
478154,20251008,probe00,627,AUD,AUDp6a,0.2834127465997974,0.47209381794835137
478154,20251008,probe00,641,AUD,AUDp6a,0.8618213343417671,0.6885514034430176
478154,20251008,probe00,642,AUD,AUDp6a,0.9415221256833172,0.6042784134596905
478154,20251008,probe00,644,AUD,AUDp6a,0.783629938308138,0.8357394153949091
478154,20251008,probe00,651,AUD,AUDp6a,0.6311237931533875,0.020329166919958452
478154,20251008,probe00,654,AUD,AUDp6a,0.5026172190367961,0.9199430505581175
478154,20251008,probe00,662,AUD,AUDp6a,0.5580655708420668,0.13232293169740994
478154,20251008,probe00,664,AUD,AUDp6a,0.6767887571089704,0.7689981853642837
478154,20251008,probe00,671,AUD,AUDp6a,0.5381371393130547,0.0723460460436347
478154,20251008,probe00,682,AUD,AUDp6a,0.5942222771228387,0.13106170664261674
478154,20251008,probe00,689,AUD,AUDp6a,0.605277977126552,0.425048628899659
478154,20251008,probe00,694,AUD,AUDp6a,0.4958651687111584,0.705169878926784
478154,20251008,probe00,715,AUD,AUDp6a,0.8753862426820203,0.23758060703817052
478154,20251008,probe00,723,AUD,AUDp6a,0.47588371528380435,0.27559181888618456
478154,20251008,probe00,727,AUD,AUDp6a,0.755826342356661,0.4361442733949855
478154,20251008,probe00,729,AUD,AUDp6a,0.5920481464603617,0.5732426609376959
478154,20251008,probe00,730,AUD,AUDp6a,0.7818974845821711,0.22077181032308757
478154,20251008,probe00,734,AUD,AUDp6a,0.4764570642584285,0.1404397161271661
478154,20251008,probe00,736,AUD,AUDp6a,0.7403575837515364,0.38078179381364774
478154,20251008,probe00,744,AUD,AUDp6a,0.7017518169760908,0.8747451441615032
478154,20251008,probe00,745,AUD,AUDp6a,0.7173599250389286,0.25245585764320677
478154,20251008,probe00,750,AUD,AUDp5,0.8515428503612691,0.02491511473447372
478154,20251008,probe00,753,AUD,AUDpo5,0.866994669865919,0.8773100636634086
478154,20251008,probe00,759,AUD,AUDpo5,0.8081462492413363,0.8504600549626397
478154,20251008,probe00,765,AUD,AUDpo5,0.935680042828919,0.3613820540064343
478154,20251008,probe00,766,AUD,AUDpo5,0.6069613847031237,0.2423578369037822
478154,20251008,probe00,779,AUD,AUDpo5,0.5797002797028686,0.045236505594889675
478154,20251008,probe00,780,AUD,AUDpo5,0.7776887472873291,0.8738441489744707
478154,20251008,probe00,785,AUD,AUDpo5,0.4899513214277782,0.09154549183458205
478154,20251008,probe00,786,AUD,AUDpo5,0.8851115514072931,0.7697748689369251
478154,20251008,probe00,789,AUD,AUDpo5,0.15773953950995423,0.7006246611443938
478154,20251008,probe00,792,AUD,AUDpo5,0.28239469144807194,0.354908075518069
478154,20251008,probe00,794,AUD,AUDpo5,0.4054912715272381,0.136115866464799
478154,20251008,probe00,802,AUD,AUDpo5,0.49289452584360494,0.1385849103514084
478154,20251008,probe00,803,AUD,AUDpo5,0.6050277362123986,0.7131989235289764
478154,20251008,probe00,804,AUD,AUDpo5,0.6998809697256689,0.7371693924438198
478154,20251008,probe00,806,AUD,AUDpo5,0.40031633138705214,0.315281355490321
478154,20251008,probe00,808,AUD,AUDpo5,0.6488800695638681,0.01638972085688406
478154,20251008,probe00,810,AUD,AUDpo5,0.066746782584995,0.6909788467541489
478154,20251008,probe00,811,AUD,AUDpo5,0.33874648710264366,0.5675916659960639
478154,20251008,probe00,813,AUD,AUDpo5,0.13096868282026208,0.15954061298400923
478154,20251008,probe00,815,AUD,AUDpo5,0.8667419520368844,0.6615832066945632
478154,20251008,probe00,817,AUD,AUDpo5,0.39105937128780033,0.02511224186429739
478154,20251008,probe00,822,AUD,AUDpo5,0.2614143891734426,0.8752649527980312
478154,20251008,probe00,823,AUD,AUDpo5,0.8828865346719719,0.12070670595714006
478154,20251008,probe00,827,AUD,AUDpo5,0.3298185917089611,0.49061165501207304
478154,20251008,probe00,829,AUD,AUDpo5,0.26147718694754163,0.5035287514711917
478154,20251008,probe00,830,AUD,AUDpo5,0.6144524488195027,0.5925186899410118
478154,20251008,probe00,832,AUD,AUDpo5,0.39407633380319784,0.4202393042276479
478154,20251008,probe00,839,AUD,AUDpo5,0.26530395000495866,0.00763495134250014
478154,20251008,probe00,844,AUD,AUDpo5,0.04391610389065759,0.31731851425573454
478154,20251008,probe00,846,AUD,AUDpo5,0.40569043543877437,0.15919461463311246
478154,20251008,probe00,850,AUD,AUDpo5,0.2184968232099621,0.23741118443976073
478154,20251008,probe00,851,AUD,AUDpo5,0.9001856716168016,0.5855047379739269
478154,20251008,probe00,853,AUD,AUDpo5,0.05646710748960737,0.06394481637605365
478154,20251008,probe00,854,AUD,AUDpo5,0.24919263768824362,0.22195552053338286
478154,20251008,probe00,856,AUD,AUDpo5,0.7292167054766645,0.5966642900889241
478154,20251008,probe00,861,AUD,AUDpo5,0.5957283796601809,0.8025528396494803
478154,20251008,probe00,864,AUD,AUDpo5,0.461513407170958,0.08035375224029728
478154,20251008,probe00,865,AUD,AUDpo5,0.9408866168842442,0.04140500446580009
478154,20251008,probe00,870,AUD,AUDpo5,0.383937162344139,0.39461224706023157
478154,20251008,probe00,880,AUD,AUDpo5,0.5525180543245092,0.8401987947039746
478154,20251008,probe00,883,AUD,AUDpo5,0.7623447106492849,0.5893878371462917
478154,20251008,probe00,885,AUD,AUDpo5,0.8526682786279751,0.7368814329219746
478154,20251008,probe00,887,VIS,VISal5,0.2154525790261066,0.7612608054193294
478154,20251008,probe00,888,VIS,VISal5,0.2651118721581558,0.924978094596624
478154,20251008,probe00,891,AUD,AUDpo5,0.26481166512898613,0.2475666857848059
478154,20251008,probe00,895,AUD,AUDpo5,0.9007429647041097,0.12228931351645833
478154,20251008,probe00,896,VIS,VISal5,0.06097259200872662,0.276393280649733
478154,20251008,probe00,897,AUD,AUDpo5,0.49151231177870747,0.20824711325979228
478154,20251008,probe00,900,VIS,VISal5,0.9574342288937169,0.49148396440821107
478154,20251008,probe00,904,VIS,VISal5,0.8267805362035096,0.23970092731469828
478154,20251008,probe00,908,VIS,VISal5,0.7822658113883494,0.6683160163303576
478154,20251008,probe00,910,VIS,VISal5,0.6071532501789815,0.821474597294434
478154,20251008,probe00,911,VIS,VISal5,0.620073652215867,0.5625337910564696
478154,20251008,probe00,915,VIS,VISal5,0.9412551433519003,0.07342674564419716
478154,20251008,probe00,920,VIS,VISal5,0.20021122554827242,0.31912580620947495
478154,20251008,probe00,924,VIS,VISal5,0.3012657482260772,0.8061116361273035
478154,20251008,probe00,925,VIS,VISal5,0.9052051816054894,0.02803361215870559
478154,20251008,probe00,926,VIS,VISal5,0.7660749020034744,0.7826680655579488
478154,20251008,probe00,927,VIS,VISal5,0.922177403639326,0.020597784190851676
478154,20251008,probe00,928,VIS,VISal5,0.9220971525006765,0.8175707853168337
478154,20251008,probe00,929,VIS,VISal5,0.7839728377236119,0.01971311030979417
478154,20251008,probe00,935,VIS,VISal5,0.10107920321073316,0.7185877607123208
478154,20251008,probe00,936,VIS,VISal5,0.8530577806812982,0.16421647177202792
478154,20251008,probe00,939,VIS,VISal5,0.6273323458063604,0.10175134165001487
478154,20251008,probe00,943,VIS,VISal5,0.9193544860454703,0.07834609918186519
478154,20251008,probe00,946,VIS,VISal5,0.3800324088553242,0.43772181480808436
478154,20251008,probe00,947,VIS,VISal5,0.6594636492658105,0.7537406281882849
478154,20251008,probe00,948,VIS,VISal5,0.9455208705296414,0.6942431781701962
478154,20251008,probe00,951,VIS,VISal5,0.206586949375129,0.8929357228340337
478154,20251008,probe00,952,VIS,VISal5,0.7080945430886287,0.43595422364029934
478154,20251008,probe00,953,VIS,VISal5,0.2360479344281725,0.15313736396526967
478154,20251008,probe00,956,VIS,VISal5,0.6244653652947262,0.10940664467666872
478154,20251008,probe00,964,VIS,VISal5,0.8449124939331387,0.023785478414589556
478154,20251008,probe00,966,VIS,VISal5,0.7682586956581452,0.020907982794696744
478154,20251008,probe00,970,VIS,VISal5,0.6369309656146418,0.7603618457018316
478154,20251008,probe00,971,VIS,VISal5,0.8545357501701674,0.8815388913201277
478154,20251008,probe00,973,VIS,VISal5,0.08634649857702215,0.8162188066035005
478154,20251008,probe00,974,VIS,VISal5,0.2714713900165051,0.0015546615887520598
478154,20251008,probe00,975,VIS,VISal5,0.6987872119761843,0.6220811448628327
478154,20251008,probe00,976,VIS,VISal5,0.5689905259730677,0.12243638153552949
478154,20251008,probe00,977,VIS,VISal5,0.42513048908699425,0.7591796886696404
478154,20251008,probe00,985,VIS,VISal5,0.2314411386677213,0.9170772471275093
478154,20251008,probe00,986,VIS,VISal5,0.9910398386807677,0.30099050147061235
478154,20251008,probe00,988,VIS,VISal5,0.18369690706639452,0.056619480689846347
478154,20251008,probe00,990,VIS,VISal5,0.2018217782740438,0.45203588932920635
478154,20251008,probe00,992,VIS,VISal5,0.9249099794959958,0.00024406070584648276
478154,20251008,probe00,997,VIS,VISal4,0.581267193124811,0.1762365865371338
478154,20251008,probe00,998,VIS,VISal5,0.5924499684578125,0.1673689787874757
478154,20251008,probe00,1006,VIS,VISal5,0.2625306982622213,0.1006284044710859
478154,20251008,probe00,1008,VIS,VISal4,0.5072866533162743,0.05968231867530971
478154,20251008,probe00,1009,VIS,VISal4,0.33491374317046163,0.02039952780043308
478154,20251008,probe00,1010,VIS,VISal4,0.831263566811385,0.022886698326543886
478154,20251008,probe00,1011,VIS,VISal4,0.6499041671050713,0.915126292016446
478154,20251008,probe00,1013,VIS,VISal4,0.5527812398183385,0.007707169186686014
478154,20251008,probe00,1016,VIS,VISal4,0.8523768407296904,0.9249422876446657
478154,20251008,probe00,1018,VIS,VISal4,0.7577245230856908,0.7923039389403894
478154,20251008,probe00,1020,VIS,VISal4,0.8054688585138008,0.6946249425211342
478154,20251008,probe00,1022,VIS,VISal4,0.5172244326395281,0.31246923907600554
478154,20251008,probe00,1024,VIS,VISal4,0.5035627520772123,0.8289192425502246
478154,20251008,probe00,1027,VIS,VISal4,0.9343836102391113,0.45910360585816345
478154,20251008,probe00,1028,VIS,VISal4,0.22632398076454652,0.14753962697207668
478154,20251008,probe00,1031,VIS,VISal4,0.8518259807332265,0.006433150160969681
478154,20251008,probe00,1032,VIS,VISal4,0.7611378678489187,0.8528270194496925
478154,20251008,probe00,1036,VIS,VISal4,0.5275043875797867,0.15448398568571453
478154,20251008,probe00,1037,VIS,VISal4,0.36752789985958445,0.5127541790955392
478154,20251008,probe00,1038,VIS,VISal4,0.6723722747376099,0.41228113025571034
478154,20251008,probe00,1040,VIS,VISal4,0.25238984645917306,0.21687945382889773
478154,20251008,probe00,1041,VIS,VISal4,0.4938556656847184,0.2222385849295102
478154,20251008,probe00,1045,VIS,VISal4,0.6457278302825697,0.6726691495552737
478154,20251008,probe00,1047,VIS,VISal4,0.8926809255565147,0.31758849947065304
478154,20251008,probe00,1053,VIS,VISal4,0.6479407725102296,0.17057009686412572
478154,20251008,probe00,1054,VIS,VISal4,0.09661699007325619,0.16375083901689536
478154,20251008,probe00,1055,VIS,VISal4,0.49447002086709735,0.7751901541844783
478154,20251008,probe00,1056,VIS,VISal4,0.6777576514303796,0.7307398871298993
478154,20251008,probe00,1059,VIS,VISal4,0.766390684466203,0.1349361416776802
478154,20251008,probe00,1060,VIS,VISal4,0.9461199281259506,0.4095239681423837
478154,20251008,probe00,1061,VIS,VISal4,0.6883436953749448,0.5471711894200962
478154,20251008,probe00,1069,VIS,VISal4,0.26868081062165294,0.24409185892796292
478154,20251008,probe00,1079,VIS,VISal4,0.4333973720829425,0.6935334767869165
478154,20251008,probe00,1084,VIS,VISal4,0.7064817582434813,0.03586754895389466
478154,20251008,probe00,1085,VIS,VISal4,0.6630553458718593,0.5738920550553945
478154,20251008,probe00,1087,VIS,VISal4,0.36069644671594925,0.37402748701597854
478154,20251008,probe00,1089,VIS,VISal4,0.17140289874743841,0.20925873626079383
478154,20251008,probe00,1091,VIS,VISal4,0.6999400367856599,0.19823822592377072
478154,20251008,probe00,1094,VIS,VISal2/3,0.13933497437283848,0.22200010019370353
478154,20251008,probe00,1097,VIS,VISal2/3,0.5077526439790012,0.20154993352905615
478154,20251008,probe00,1108,VIS,VISal2/3,0.6791853545283424,0.49713814744868423
478154,20251008,probe00,1110,VIS,VISal2/3,0.838014188427957,0.0943262625989757
478154,20251008,probe00,1118,VIS,VISal2/3,0.7735278250372616,0.7932806241903544
478154,20251008,probe00,1120,VIS,VISal2/3,0.3892279823325704,0.5423261774696804
478154,20251008,probe00,1122,VIS,VISal2/3,0.2706020824181933,0.6226280644060525
478154,20251008,probe00,1123,VIS,VISal2/3,0.5471215873330517,0.3519906375438445
478154,20251008,probe00,1124,VIS,VISal2/3,0.45206175583120745,0.01193022258296017
478154,20251008,probe00,1126,VIS,VISal2/3,0.2998495793133866,0.062410434579531326
478154,20251008,probe00,1136,VIS,VISal2/3,0.8606362529684379,0.31487122070205853
478154,20251008,probe00,1144,VIS,VISal2/3,0.9127984282502267,0.11200315517726589
478154,20251008,probe00,1150,VIS,VISal2/3,0.7278241871658686,0.36907650027987715
478154,20251008,probe00,1159,VIS,VISal2/3,0.09449110794706883,0.12118288954093748
478154,20251008,probe00,1161,VIS,VISal2/3,0.9502073123008483,0.6496007011653351
478154,20251008,probe00,1164,VIS,VISal2/3,0.8542451678886352,0.09608025331090486
478154,20251008,probe00,1165,VIS,VISal2/3,0.12125014163775472,0.5399114028885402
478154,20251008,probe00,1181,VIS,VISal2/3,0.6080596168008328,0.2681667109592053
478154,20251008,probe01,31,CA1,CA1,0.23627226354202346,0.5329528388855339
478154,20251008,probe01,58,CA1,CA1,0.7603233878633454,0.09858537486709906
478154,20251008,probe01,71,CA1,CA1,0.19815787816428543,0.10731213671054385
478154,20251008,probe01,72,CA1,CA1,0.8881704528954498,0.899173516176081
478154,20251008,probe01,132,CA1,CA1,0.33806017046070214,0.7053793513642881
478154,20251008,probe01,134,CA1,CA1,0.588701837089978,0.08323495614122978
478154,20251008,probe01,138,CA1,CA1,0.5958875331326119,0.40978734305791376
478154,20251008,probe01,194,CA1,CA1,0.6726635110631082,0.10661537450965708
478154,20251008,probe01,198,CA1,CA1,0.25213046100291514,0.45705834110398114
478154,20251008,probe01,202,CA1,CA1,0.33416955570438156,0.3308722316911138
478154,20251008,probe01,203,CA1,CA1,0.6993977553915164,0.5427348779982566
478154,20251008,probe01,205,CA1,CA1,0.4853316776731007,0.9010897086250038
478154,20251008,probe01,206,CA1,CA1,0.14282163369581335,0.706531617053649
478154,20251008,probe01,207,CA1,CA1,0.9691644888214407,0.6441517235252907
478154,20251008,probe01,216,CA1,CA1,0.6900926652415998,0.5413990878099169
478154,20251008,probe01,222,CA1,CA1,0.32488469730444947,0.3171435159345579
478154,20251008,probe01,223,CA1,CA1,0.31125889387573724,0.3461391981772841
478154,20251008,probe01,233,CA1,CA1,0.780947145277066,0.7437117793628958
478154,20251008,probe01,245,CA1,CA1,0.7136407058323941,0.3267895312266811
478154,20251008,probe01,247,CA1,CA1,0.35804463957938426,0.74611491342149
478154,20251008,probe01,261,CA1,CA1,0.11569749563725995,0.039940195735130635
478154,20251008,probe01,315,CA1,CA1,0.8300204288234159,0.8002340483547619
478154,20251008,probe01,320,CA1,CA1,0.8002707786268634,0.07182072683655205
478154,20251008,probe01,326,CA1,CA1,0.4863755858737778,0.3749229352488579
478154,20251008,probe01,331,CA1,CA1,0.47350035986042716,0.12015841897402002
478154,20251008,probe01,335,CA1,CA1,0.6610119007389756,0.511607912591626
478154,20251008,probe01,342,CA1,CA1,0.42597098449300086,0.14389125013353476
478154,20251008,probe01,346,CA1,CA1,0.43723206337051457,0.26920022349461825
478154,20251008,probe01,347,CA1,CA1,0.2955131171827444,0.45529410416682725
478154,20251008,probe01,354,CA1,CA1,0.33407791361474237,0.3209717851937821
478154,20251008,probe01,373,CA1,CA1,0.29383384466590545,0.05744772917981256
478154,20251008,probe01,389,CA1,CA1,0.6318141926306469,0.8947954774844585
